0,NEP_Mutation,input1,input2,output1,output2
1,M1K,0.0,0.0,0.0,1.0
1,M1V,3.0,4.0,1.0,15.0
1,M1T,0.0,2.0,1.0,2.0
1,M1I,2.0,3.0,0.0,10.0
1,M1R,0.0,0.0,0.0,1.0
1,M1L,0.0,0.0,1.0,0.0
10,Q10L,31.0,44.0,194.0,199.0
10,Q10D,18.0,15.0,1.0,1.0
10,Q10A,29.0,26.0,22.0,31.0
10,Q10V,30.0,40.0,111.0,182.0
10,Q10W,18.0,26.0,29.0,38.0
10,Q10G,40.0,49.0,21.0,17.0
10,Q10_,18.0,11.0,15.0,17.0
10,Q10N,19.0,21.0,6.0,7.0
10,Q10S,29.0,46.0,66.0,18.0
10,Q10R,70.0,69.0,83.0,88.0
10,Q10E,15.0,23.0,20.0,3.0
10,Q10H,18.0,24.0,8.0,9.0
10,Q10M,16.0,18.0,56.0,39.0
10,Q10K,19.0,14.0,29.0,28.0
10,Q10P,21.0,17.0,75.0,36.0
10,Q10T,33.0,37.0,26.0,23.0
10,Q10C,10.0,20.0,6.0,3.0
10,Q10I,13.0,17.0,30.0,37.0
10,Q10F,0.0,1.0,0.0,0.0
10,Q10Y,9.0,18.0,33.0,49.0
100,M100V,41.0,51.0,18.0,22.0
100,M100F,14.0,15.0,0.0,1.0
100,M100E,20.0,25.0,56.0,47.0
100,M100L,40.0,50.0,11.0,2.0
100,M100W,30.0,32.0,6.0,8.0
100,M100Y,14.0,20.0,4.0,0.0
100,M100C,19.0,33.0,1.0,3.0
100,M100D,18.0,17.0,72.0,72.0
100,M100G,38.0,54.0,80.0,51.0
100,M100N,15.0,17.0,50.0,88.0
100,M100I,20.0,20.0,9.0,19.0
100,M100P,24.0,13.0,2.0,1.0
100,M100K,16.0,23.0,18.0,19.0
100,M100H,17.0,20.0,0.0,0.0
100,M100_,29.0,27.0,1.0,1.0
100,M100A,14.0,22.0,19.0,9.0
100,M100Q,18.0,14.0,7.0,2.0
100,M100S,40.0,56.0,94.0,103.0
100,M100R,52.0,62.0,55.0,32.0
100,M100T,18.0,36.0,19.0,7.0
101,Q101C,30.0,29.0,0.0,0.0
101,Q101H,20.0,19.0,1.0,0.0
101,Q101E,19.0,22.0,1.0,0.0
101,Q101A,46.0,45.0,0.0,0.0
101,Q101I,27.0,19.0,2.0,2.0
101,Q101N,20.0,15.0,0.0,0.0
101,Q101K,26.0,29.0,0.0,2.0
101,Q101Y,21.0,25.0,0.0,1.0
101,Q101P,34.0,43.0,2.0,1.0
101,Q101T,39.0,54.0,2.0,0.0
101,Q101S,71.0,69.0,5.0,0.0
101,Q101F,17.0,19.0,0.0,1.0
101,Q101V,58.0,46.0,0.0,0.0
101,Q101L,69.0,82.0,1.0,1.0
101,Q101R,81.0,79.0,2.0,4.0
101,Q101D,17.0,15.0,0.0,0.0
101,Q101G,56.0,73.0,0.0,0.0
101,Q101W,30.0,43.0,0.0,1.0
101,Q101M,24.0,34.0,0.0,0.0
101,Q101_,29.0,30.0,1.0,1.0
102,A102C,31.0,29.0,0.0,0.0
102,A102N,21.0,26.0,0.0,0.0
102,A102M,21.0,21.0,1.0,0.0
102,A102K,19.0,14.0,0.0,0.0
102,A102_,17.0,11.0,0.0,1.0
102,A102V,67.0,67.0,6.0,6.0
102,A102R,80.0,102.0,0.0,0.0
102,A102I,13.0,20.0,0.0,0.0
102,A102H,27.0,24.0,1.0,0.0
102,A102W,35.0,39.0,0.0,0.0
102,A102G,70.0,88.0,1.0,0.0
102,A102F,28.0,20.0,0.0,0.0
102,A102D,25.0,37.0,0.0,2.0
102,A102Y,17.0,16.0,1.0,0.0
102,A102Q,37.0,23.0,0.0,1.0
102,A102S,64.0,77.0,2.0,2.0
102,A102T,36.0,43.0,1.0,0.0
102,A102P,44.0,43.0,0.0,0.0
102,A102L,72.0,76.0,2.0,0.0
102,A102E,26.0,28.0,0.0,0.0
103,L103H,13.0,12.0,1.0,0.0
103,L103Y,19.0,18.0,2.0,2.0
103,L103D,16.0,21.0,7.0,0.0
103,L103R,60.0,80.0,4.0,9.0
103,L103E,17.0,30.0,1.0,4.0
103,L103T,12.0,22.0,0.0,4.0
103,L103G,72.0,64.0,3.0,6.0
103,L103V,45.0,58.0,22.0,34.0
103,L103F,18.0,22.0,26.0,7.0
103,L103I,15.0,13.0,4.0,5.0
103,L103N,16.0,16.0,2.0,1.0
103,L103P,17.0,21.0,0.0,2.0
103,L103A,36.0,53.0,2.0,0.0
103,L103_,17.0,15.0,2.0,1.0
103,L103W,31.0,33.0,14.0,7.0
103,L103Q,22.0,16.0,1.0,0.0
103,L103C,19.0,27.0,6.0,0.0
103,L103S,28.0,69.0,8.0,9.0
103,L103K,4.0,6.0,1.0,6.0
103,L103M,18.0,24.0,28.0,12.0
104,Q104C,19.0,27.0,5.0,33.0
104,Q104K,3.0,0.0,0.0,0.0
104,Q104Y,14.0,11.0,54.0,12.0
104,Q104P,28.0,32.0,8.0,4.0
104,Q104H,17.0,21.0,27.0,18.0
104,Q104I,13.0,15.0,6.0,2.0
104,Q104D,12.0,13.0,11.0,23.0
104,Q104N,18.0,17.0,17.0,7.0
104,Q104F,10.0,30.0,18.0,11.0
104,Q104R,60.0,60.0,7.0,6.0
104,Q104V,32.0,44.0,27.0,5.0
104,Q104G,41.0,39.0,18.0,30.0
104,Q104M,23.0,18.0,2.0,1.0
104,Q104S,49.0,50.0,22.0,7.0
104,Q104A,39.0,34.0,15.0,9.0
104,Q104E,18.0,23.0,2.0,2.0
104,Q104L,48.0,47.0,10.0,6.0
104,Q104T,27.0,33.0,11.0,6.0
104,Q104W,28.0,20.0,0.0,1.0
104,Q104_,21.0,27.0,3.0,1.0
105,L105W,16.0,24.0,0.0,0.0
105,L105N,26.0,17.0,2.0,1.0
105,L105M,22.0,16.0,2.0,0.0
105,L105C,17.0,19.0,1.0,0.0
105,L105H,15.0,23.0,8.0,3.0
105,L105F,18.0,21.0,0.0,0.0
105,L105T,24.0,38.0,0.0,0.0
105,L105A,11.0,11.0,0.0,1.0
105,L105Y,18.0,26.0,0.0,1.0
105,L105D,23.0,16.0,1.0,0.0
105,L105I,14.0,24.0,2.0,1.0
105,L105P,29.0,45.0,4.0,3.0
105,L105Q,20.0,19.0,0.0,1.0
105,L105R,53.0,51.0,6.0,4.0
105,L105_,13.0,23.0,1.0,2.0
105,L105S,46.0,56.0,5.0,4.0
105,L105G,20.0,19.0,0.0,0.0
105,L105V,44.0,36.0,1.0,0.0
105,L105K,15.0,19.0,0.0,1.0
105,L105E,13.0,20.0,1.0,0.0
106,L106D,20.0,30.0,0.0,0.0
106,L106Q,16.0,20.0,10.0,6.0
106,L106M,13.0,17.0,21.0,17.0
106,L106_,23.0,30.0,13.0,10.0
106,L106S,40.0,48.0,9.0,16.0
106,L106E,16.0,20.0,17.0,12.0
106,L106V,39.0,56.0,69.0,27.0
106,L106A,37.0,29.0,65.0,81.0
106,L106G,34.0,49.0,26.0,33.0
106,L106W,16.0,21.0,19.0,5.0
106,L106P,30.0,32.0,5.0,15.0
106,L106K,18.0,17.0,1.0,3.0
106,L106C,15.0,30.0,1.0,0.0
106,L106I,15.0,17.0,0.0,1.0
106,L106F,20.0,19.0,3.0,0.0
106,L106Y,24.0,18.0,0.0,2.0
106,L106N,19.0,17.0,0.0,0.0
106,L106R,24.0,38.0,7.0,3.0
106,L106H,12.0,16.0,0.0,0.0
106,L106T,20.0,36.0,4.0,5.0
107,L107C,22.0,28.0,0.0,0.0
107,L107S,38.0,53.0,0.0,2.0
107,L107M,25.0,32.0,1.0,0.0
107,L107V,41.0,54.0,1.0,2.0
107,L107E,22.0,21.0,0.0,0.0
107,L107_,12.0,15.0,0.0,0.0
107,L107P,29.0,23.0,2.0,2.0
107,L107D,18.0,24.0,0.0,0.0
107,L107I,13.0,17.0,0.0,0.0
107,L107T,36.0,32.0,0.0,0.0
107,L107Y,20.0,22.0,2.0,1.0
107,L107G,60.0,58.0,1.0,0.0
107,L107A,41.0,29.0,5.0,4.0
107,L107K,13.0,21.0,0.0,0.0
107,L107H,12.0,10.0,0.0,0.0
107,L107W,12.0,30.0,0.0,0.0
107,L107F,23.0,22.0,0.0,0.0
107,L107R,51.0,81.0,0.0,0.0
107,L107Q,17.0,25.0,0.0,0.0
107,L107N,12.0,19.0,0.0,0.0
108,E108P,14.0,20.0,0.0,0.0
108,E108G,30.0,60.0,2.0,2.0
108,E108F,16.0,23.0,0.0,0.0
108,E108V,41.0,35.0,2.0,1.0
108,E108H,15.0,14.0,0.0,0.0
108,E108Y,16.0,16.0,1.0,0.0
108,E108Q,10.0,18.0,0.0,0.0
108,E108N,11.0,12.0,1.0,0.0
108,E108I,16.0,15.0,2.0,0.0
108,E108_,16.0,21.0,0.0,0.0
108,E108A,21.0,34.0,0.0,1.0
108,E108L,41.0,50.0,3.0,0.0
108,E108K,15.0,20.0,2.0,1.0
108,E108W,22.0,15.0,1.0,0.0
108,E108T,29.0,26.0,3.0,0.0
108,E108C,15.0,24.0,0.0,2.0
108,E108S,54.0,53.0,2.0,1.0
108,E108M,20.0,14.0,3.0,0.0
108,E108R,39.0,49.0,3.0,1.0
108,E108D,29.0,18.0,0.0,1.0
109,V109N,9.0,11.0,3.0,0.0
109,V109E,17.0,25.0,2.0,2.0
109,V109W,26.0,33.0,0.0,0.0
109,V109A,32.0,37.0,6.0,3.0
109,V109P,36.0,25.0,1.0,2.0
109,V109C,23.0,27.0,6.0,3.0
109,V109_,15.0,17.0,3.0,3.0
109,V109I,17.0,16.0,0.0,1.0
109,V109F,29.0,26.0,0.0,3.0
109,V109D,20.0,22.0,0.0,0.0
109,V109Y,13.0,13.0,1.0,3.0
109,V109G,44.0,49.0,22.0,22.0
109,V109K,19.0,21.0,0.0,1.0
109,V109Q,18.0,17.0,0.0,0.0
109,V109M,17.0,16.0,2.0,3.0
109,V109H,15.0,16.0,0.0,1.0
109,V109L,67.0,65.0,8.0,7.0
109,V109S,52.0,63.0,4.0,1.0
109,V109R,56.0,63.0,8.0,9.0
109,V109T,31.0,28.0,1.0,0.0
11,D11R,56.0,74.0,195.0,157.0
11,D11A,22.0,41.0,57.0,121.0
11,D11S,30.0,46.0,125.0,125.0
11,D11M,15.0,22.0,55.0,48.0
11,D11N,11.0,8.0,21.0,20.0
11,D11T,29.0,23.0,159.0,86.0
11,D11W,18.0,22.0,59.0,45.0
11,D11L,37.0,37.0,108.0,43.0
11,D11G,45.0,41.0,122.0,80.0
11,D11F,10.0,9.0,22.0,17.0
11,D11_,14.0,10.0,11.0,11.0
11,D11P,24.0,26.0,31.0,9.0
11,D11H,11.0,15.0,37.0,22.0
11,D11K,10.0,23.0,67.0,54.0
11,D11E,14.0,20.0,11.0,17.0
11,D11Y,19.0,9.0,29.0,56.0
11,D11C,13.0,18.0,55.0,72.0
11,D11Q,5.0,13.0,35.0,26.0
11,D11V,31.0,39.0,130.0,108.0
11,D11I,16.0,12.0,20.0,38.0
110,E110S,71.0,76.0,6.0,27.0
110,E110T,39.0,38.0,11.0,9.0
110,E110K,29.0,28.0,5.0,2.0
110,E110R,81.0,110.0,11.0,13.0
110,E110Q,24.0,19.0,1.0,0.0
110,E110H,13.0,19.0,4.0,2.0
110,E110F,22.0,32.0,9.0,6.0
110,E110L,77.0,97.0,7.0,13.0
110,E110_,27.0,30.0,73.0,9.0
110,E110P,42.0,39.0,13.0,17.0
110,E110Y,34.0,28.0,3.0,8.0
110,E110M,21.0,32.0,8.0,8.0
110,E110G,70.0,100.0,102.0,80.0
110,E110A,61.0,59.0,42.0,49.0
110,E110V,80.0,86.0,59.0,63.0
110,E110D,34.0,40.0,41.0,46.0
110,E110W,24.0,45.0,41.0,21.0
110,E110I,22.0,21.0,3.0,10.0
110,E110C,38.0,32.0,7.0,4.0
110,E110N,11.0,17.0,4.0,4.0
111,Q111R,74.0,73.0,6.0,9.0
111,Q111Y,24.0,11.0,2.0,2.0
111,Q111C,26.0,20.0,4.0,3.0
111,Q111_,19.0,19.0,2.0,4.0
111,Q111T,32.0,29.0,3.0,1.0
111,Q111I,10.0,16.0,0.0,0.0
111,Q111F,18.0,21.0,0.0,1.0
111,Q111L,52.0,58.0,2.0,3.0
111,Q111S,44.0,59.0,6.0,23.0
111,Q111D,14.0,13.0,2.0,0.0
111,Q111W,21.0,21.0,1.0,2.0
111,Q111A,28.0,41.0,1.0,0.0
111,Q111K,28.0,26.0,5.0,4.0
111,Q111P,39.0,38.0,2.0,0.0
111,Q111V,48.0,52.0,1.0,0.0
111,Q111G,44.0,57.0,2.0,1.0
111,Q111H,17.0,13.0,2.0,4.0
111,Q111N,17.0,22.0,3.0,2.0
111,Q111M,21.0,20.0,4.0,3.0
111,Q111E,25.0,26.0,3.0,8.0
112,E112T,8.0,14.0,0.0,7.0
112,E112_,26.0,38.0,43.0,8.0
112,E112V,67.0,81.0,11.0,22.0
112,E112I,14.0,15.0,27.0,10.0
112,E112K,21.0,25.0,33.0,17.0
112,E112C,23.0,37.0,13.0,12.0
112,E112H,13.0,18.0,5.0,7.0
112,E112Q,28.0,29.0,5.0,9.0
112,E112L,64.0,66.0,23.0,12.0
112,E112S,74.0,68.0,46.0,44.0
112,E112P,23.0,24.0,2.0,2.0
112,E112F,24.0,23.0,17.0,3.0
112,E112Y,17.0,16.0,18.0,3.0
112,E112A,44.0,55.0,7.0,13.0
112,E112M,20.0,24.0,5.0,5.0
112,E112D,21.0,38.0,10.0,1.0
112,E112W,31.0,47.0,14.0,11.0
112,E112R,86.0,89.0,61.0,35.0
112,E112N,15.0,12.0,9.0,24.0
112,E112G,70.0,110.0,32.0,30.0
113,I113Q,20.0,24.0,12.0,1.0
113,I113V,33.0,44.0,27.0,13.0
113,I113G,56.0,65.0,6.0,10.0
113,I113S,73.0,67.0,18.0,7.0
113,I113T,24.0,24.0,3.0,5.0
113,I113N,19.0,28.0,4.0,2.0
113,I113H,18.0,18.0,20.0,8.0
113,I113F,28.0,33.0,3.0,0.0
113,I113R,61.0,58.0,21.0,33.0
113,I113W,21.0,33.0,14.0,8.0
113,I113A,41.0,35.0,5.0,7.0
113,I113_,29.0,29.0,11.0,11.0
113,I113D,10.0,29.0,9.0,30.0
113,I113K,15.0,29.0,2.0,4.0
113,I113E,20.0,20.0,3.0,1.0
113,I113C,23.0,22.0,10.0,7.0
113,I113L,66.0,52.0,0.0,7.0
113,I113P,26.0,29.0,11.0,2.0
113,I113M,24.0,24.0,2.0,2.0
113,I113Y,21.0,32.0,1.0,4.0
114,R114G,2.0,3.0,0.0,1.0
114,R114I,4.0,3.0,0.0,1.0
114,R114F,2.0,0.0,0.0,0.0
114,R114E,1.0,4.0,2.0,1.0
114,R114W,2.0,5.0,3.0,0.0
114,R114D,1.0,0.0,0.0,0.0
114,R114T,3.0,2.0,1.0,1.0
114,R114M,3.0,1.0,0.0,0.0
114,R114S,1.0,2.0,0.0,0.0
114,R114L,4.0,3.0,1.0,0.0
114,R114C,1.0,3.0,0.0,0.0
114,R114K,0.0,2.0,0.0,3.0
114,R114A,3.0,2.0,0.0,0.0
114,R114Q,0.0,0.0,1.0,0.0
114,R114_,0.0,1.0,6.0,0.0
114,R114V,0.0,1.0,1.0,0.0
114,R114P,1.0,3.0,0.0,0.0
114,R114H,0.0,2.0,0.0,0.0
115,T115Q,0.0,2.0,0.0,0.0
115,T115M,2.0,0.0,0.0,0.0
115,T115N,0.0,1.0,1.0,0.0
115,T115R,4.0,4.0,1.0,2.0
115,T115K,3.0,1.0,0.0,0.0
115,T115F,0.0,2.0,0.0,0.0
115,T115L,4.0,2.0,46.0,0.0
115,T115E,0.0,1.0,0.0,0.0
115,T115H,0.0,1.0,0.0,0.0
115,T115Y,1.0,3.0,0.0,0.0
115,T115A,4.0,0.0,6.0,2.0
115,T115C,1.0,1.0,0.0,1.0
115,T115D,1.0,1.0,2.0,0.0
115,T115G,3.0,3.0,3.0,0.0
115,T115W,1.0,3.0,3.0,2.0
115,T115V,3.0,3.0,0.0,8.0
115,T115_,2.0,0.0,1.0,0.0
115,T115P,1.0,3.0,0.0,2.0
115,T115S,2.0,7.0,0.0,3.0
115,T115I,1.0,1.0,5.0,17.0
116,F116K,3.0,2.0,0.0,0.0
116,F116_,1.0,0.0,0.0,0.0
116,F116P,0.0,1.0,0.0,0.0
116,F116Y,1.0,0.0,0.0,0.0
116,F116R,3.0,1.0,0.0,0.0
116,F116G,2.0,6.0,1.0,0.0
116,F116M,0.0,0.0,3.0,1.0
116,F116W,0.0,1.0,0.0,0.0
116,F116A,2.0,1.0,2.0,0.0
116,F116Q,0.0,1.0,0.0,0.0
116,F116N,2.0,0.0,4.0,0.0
116,F116S,2.0,3.0,0.0,1.0
116,F116C,1.0,2.0,1.0,0.0
116,F116E,1.0,0.0,0.0,0.0
116,F116D,2.0,2.0,0.0,0.0
116,F116T,2.0,2.0,0.0,4.0
116,F116L,2.0,2.0,3.0,3.0
116,F116V,3.0,1.0,0.0,1.0
116,F116I,0.0,2.0,0.0,0.0
117,S117C,2.0,2.0,4.0,0.0
117,S117G,2.0,6.0,0.0,0.0
117,S117P,3.0,4.0,2.0,0.0
117,S117V,0.0,2.0,3.0,0.0
117,S117Q,1.0,1.0,0.0,0.0
117,S117K,2.0,5.0,0.0,0.0
117,S117A,2.0,3.0,0.0,0.0
117,S117Y,1.0,1.0,1.0,0.0
117,S117T,5.0,4.0,0.0,0.0
117,S117F,2.0,1.0,0.0,1.0
117,S117E,2.0,3.0,0.0,0.0
117,S117L,5.0,8.0,1.0,0.0
117,S117D,2.0,3.0,0.0,0.0
117,S117N,2.0,0.0,0.0,0.0
117,S117R,4.0,4.0,17.0,1.0
117,S117M,1.0,2.0,0.0,0.0
117,S117_,6.0,1.0,2.0,2.0
117,S117W,3.0,1.0,0.0,0.0
118,F118K,1.0,2.0,1.0,1.0
118,F118S,3.0,2.0,1.0,1.0
118,F118R,3.0,1.0,1.0,0.0
118,F118H,1.0,0.0,1.0,2.0
118,F118C,1.0,2.0,4.0,1.0
118,F118_,0.0,3.0,1.0,2.0
118,F118A,3.0,0.0,0.0,0.0
118,F118V,2.0,4.0,2.0,0.0
118,F118T,3.0,2.0,0.0,0.0
118,F118G,6.0,1.0,3.0,2.0
118,F118Q,0.0,0.0,3.0,0.0
118,F118W,1.0,4.0,5.0,1.0
118,F118I,2.0,1.0,0.0,0.0
118,F118D,2.0,2.0,0.0,0.0
118,F118M,1.0,2.0,0.0,0.0
118,F118N,1.0,0.0,0.0,0.0
118,F118Y,2.0,1.0,0.0,0.0
118,F118P,2.0,0.0,0.0,2.0
118,F118E,1.0,3.0,0.0,1.0
118,F118L,4.0,1.0,8.0,2.0
119,Q119_,2.0,3.0,0.0,2.0
119,Q119H,0.0,2.0,0.0,1.0
119,Q119E,2.0,1.0,0.0,0.0
119,Q119M,2.0,1.0,0.0,0.0
119,Q119I,0.0,2.0,0.0,0.0
119,Q119P,1.0,2.0,0.0,0.0
119,Q119K,3.0,5.0,1.0,1.0
119,Q119A,0.0,5.0,0.0,0.0
119,Q119L,5.0,5.0,1.0,0.0
119,Q119S,0.0,2.0,0.0,0.0
119,Q119D,3.0,2.0,0.0,0.0
119,Q119G,3.0,7.0,0.0,0.0
119,Q119R,1.0,3.0,1.0,2.0
119,Q119Y,1.0,0.0,0.0,0.0
119,Q119T,1.0,0.0,0.0,0.0
119,Q119V,2.0,1.0,0.0,0.0
119,Q119N,1.0,0.0,0.0,0.0
119,Q119W,2.0,2.0,0.0,0.0
12,I12H,10.0,14.0,6.0,11.0
12,I12Y,11.0,14.0,9.0,12.0
12,I12W,16.0,13.0,8.0,2.0
12,I12L,37.0,27.0,18.0,14.0
12,I12P,13.0,13.0,4.0,10.0
12,I12T,14.0,22.0,8.0,7.0
12,I12A,14.0,20.0,31.0,29.0
12,I12R,31.0,31.0,43.0,59.0
12,I12V,33.0,28.0,6.0,9.0
12,I12K,12.0,16.0,29.0,19.0
12,I12E,9.0,16.0,11.0,31.0
12,I12S,29.0,33.0,36.0,32.0
12,I12D,12.0,9.0,6.0,11.0
12,I12G,31.0,38.0,38.0,23.0
12,I12F,20.0,15.0,54.0,31.0
12,I12Q,9.0,5.0,6.0,5.0
12,I12N,12.0,12.0,4.0,3.0
12,I12_,13.0,14.0,29.0,10.0
12,I12C,18.0,15.0,12.0,13.0
12,I12M,17.0,19.0,13.0,9.0
120,L120V,3.0,3.0,1.0,0.0
120,L120D,1.0,0.0,0.0,0.0
120,L120S,6.0,2.0,5.0,0.0
120,L120A,3.0,1.0,0.0,0.0
120,L120P,1.0,0.0,0.0,0.0
120,L120C,4.0,2.0,7.0,3.0
120,L120Q,2.0,2.0,0.0,0.0
120,L120H,1.0,3.0,0.0,0.0
120,L120E,2.0,2.0,0.0,0.0
120,L120F,2.0,1.0,1.0,3.0
120,L120I,2.0,1.0,0.0,0.0
120,L120M,0.0,1.0,0.0,0.0
120,L120G,3.0,8.0,0.0,0.0
120,L120Y,0.0,1.0,0.0,0.0
120,L120R,7.0,6.0,0.0,0.0
120,L120T,0.0,1.0,0.0,0.0
120,L120N,0.0,2.0,0.0,0.0
121,I121M,0.0,3.0,0.0,0.0
121,I121W,3.0,3.0,1.0,34.0
121,I121Q,3.0,4.0,0.0,1.0
121,I121D,2.0,0.0,0.0,0.0
121,I121R,2.0,7.0,2.0,4.0
121,I121N,1.0,1.0,0.0,0.0
121,I121G,2.0,4.0,0.0,1.0
121,I121K,0.0,1.0,0.0,0.0
121,I121C,1.0,3.0,2.0,0.0
121,I121T,0.0,2.0,0.0,1.0
121,I121V,5.0,2.0,3.0,2.0
121,I121E,1.0,3.0,0.0,0.0
121,I121P,2.0,0.0,0.0,0.0
121,I121S,4.0,5.0,1.0,3.0
121,I121Y,2.0,1.0,0.0,0.0
121,I121F,1.0,1.0,1.0,0.0
121,I121_,1.0,1.0,1.0,0.0
121,I121L,4.0,6.0,0.0,0.0
121,I121H,0.0,1.0,0.0,0.0
121,I121A,3.0,3.0,0.0,2.0
13,L13W,16.0,26.0,49.0,26.0
13,L13P,14.0,22.0,11.0,4.0
13,L13A,30.0,27.0,47.0,63.0
13,L13K,14.0,22.0,17.0,16.0
13,L13T,30.0,38.0,77.0,62.0
13,L13Y,18.0,19.0,7.0,23.0
13,L13M,16.0,22.0,15.0,27.0
13,L13I,21.0,17.0,73.0,63.0
13,L13V,36.0,43.0,70.0,58.0
13,L13D,9.0,22.0,22.0,7.0
13,L13R,47.0,64.0,95.0,58.0
13,L13N,14.0,17.0,25.0,6.0
13,L13S,48.0,54.0,76.0,46.0
13,L13F,20.0,19.0,16.0,17.0
13,L13C,20.0,21.0,131.0,27.0
13,L13G,51.0,45.0,75.0,56.0
13,L13_,22.0,15.0,21.0,12.0
13,L13H,23.0,19.0,10.0,8.0
13,L13Q,19.0,16.0,19.0,9.0
13,L13E,18.0,20.0,14.0,12.0
14,M14Y,9.0,16.0,24.0,30.0
14,M14P,20.0,17.0,9.0,24.0
14,M14C,21.0,18.0,13.0,6.0
14,M14D,15.0,10.0,5.0,0.0
14,M14L,35.0,43.0,73.0,27.0
14,M14S,39.0,40.0,28.0,29.0
14,M14N,11.0,13.0,7.0,5.0
14,M14G,30.0,48.0,31.0,26.0
14,M14R,35.0,46.0,106.0,111.0
14,M14Q,4.0,14.0,11.0,10.0
14,M14A,20.0,13.0,16.0,9.0
14,M14K,13.0,15.0,32.0,32.0
14,M14H,9.0,6.0,8.0,8.0
14,M14_,9.0,9.0,13.0,2.0
14,M14I,21.0,17.0,30.0,18.0
14,M14V,35.0,41.0,26.0,26.0
14,M14E,13.0,14.0,9.0,5.0
14,M14F,18.0,19.0,35.0,208.0
14,M14W,14.0,19.0,38.0,27.0
14,M14T,14.0,15.0,46.0,9.0
15,R15L,33.0,54.0,128.0,68.0
15,R15C,11.0,12.0,30.0,22.0
15,R15H,10.0,9.0,19.0,8.0
15,R15Y,18.0,22.0,30.0,23.0
15,R15V,39.0,39.0,42.0,53.0
15,R15P,18.0,21.0,12.0,6.0
15,R15E,13.0,12.0,7.0,10.0
15,R15N,18.0,12.0,6.0,12.0
15,R15K,19.0,14.0,12.0,44.0
15,R15Q,13.0,11.0,6.0,11.0
15,R15A,23.0,28.0,27.0,91.0
15,R15W,15.0,19.0,34.0,9.0
15,R15D,14.0,13.0,6.0,13.0
15,R15_,8.0,16.0,8.0,10.0
15,R15S,55.0,46.0,65.0,50.0
15,R15G,46.0,58.0,49.0,54.0
15,R15M,25.0,22.0,83.0,21.0
15,R15F,12.0,20.0,23.0,31.0
15,R15T,16.0,19.0,49.0,19.0
15,R15I,16.0,14.0,12.0,18.0
16,M16H,9.0,10.0,0.0,4.0
16,M16G,40.0,61.0,74.0,28.0
16,M16F,20.0,24.0,6.0,3.0
16,M16W,24.0,17.0,34.0,31.0
16,M16R,38.0,55.0,53.0,54.0
16,M16L,29.0,37.0,42.0,26.0
16,M16D,9.0,16.0,10.0,9.0
16,M16P,13.0,14.0,18.0,10.0
16,M16C,18.0,14.0,22.0,5.0
16,M16E,7.0,14.0,14.0,9.0
16,M16S,30.0,30.0,38.0,26.0
16,M16I,12.0,17.0,23.0,27.0
16,M16_,12.0,16.0,12.0,9.0
16,M16T,16.0,21.0,16.0,11.0
16,M16V,29.0,38.0,79.0,72.0
16,M16K,11.0,6.0,8.0,10.0
16,M16Y,10.0,10.0,24.0,15.0
16,M16A,18.0,26.0,23.0,22.0
16,M16N,5.0,10.0,0.0,7.0
16,M16Q,15.0,14.0,14.0,19.0
17,S17L,32.0,50.0,107.0,49.0
17,S17M,16.0,16.0,40.0,25.0
17,S17R,37.0,37.0,30.0,34.0
17,S17H,8.0,17.0,4.0,6.0
17,S17P,22.0,23.0,35.0,15.0
17,S17_,15.0,20.0,17.0,29.0
17,S17A,30.0,39.0,61.0,53.0
17,S17Y,12.0,20.0,18.0,3.0
17,S17Q,18.0,10.0,9.0,13.0
17,S17W,22.0,22.0,9.0,23.0
17,S17N,13.0,8.0,7.0,15.0
17,S17T,21.0,20.0,29.0,42.0
17,S17D,15.0,27.0,14.0,8.0
17,S17V,32.0,50.0,72.0,92.0
17,S17F,13.0,25.0,55.0,21.0
17,S17C,24.0,17.0,36.0,18.0
17,S17I,16.0,19.0,24.0,15.0
17,S17G,32.0,51.0,109.0,86.0
17,S17E,18.0,24.0,4.0,21.0
17,S17K,14.0,12.0,10.0,17.0
18,K18D,16.0,21.0,13.0,12.0
18,K18H,8.0,13.0,37.0,45.0
18,K18G,37.0,52.0,118.0,80.0
18,K18R,33.0,48.0,191.0,492.0
18,K18A,33.0,34.0,112.0,80.0
18,K18Q,9.0,13.0,25.0,34.0
18,K18W,24.0,25.0,104.0,23.0
18,K18T,20.0,19.0,175.0,33.0
18,K18M,11.0,18.0,95.0,41.0
18,K18N,15.0,15.0,27.0,12.0
18,K18Y,20.0,26.0,38.0,53.0
18,K18V,32.0,47.0,210.0,172.0
18,K18E,12.0,11.0,41.0,4.0
18,K18S,46.0,54.0,192.0,67.0
18,K18I,15.0,22.0,65.0,63.0
18,K18C,19.0,30.0,107.0,40.0
18,K18F,31.0,25.0,53.0,108.0
18,K18L,46.0,57.0,189.0,142.0
18,K18P,17.0,22.0,14.0,9.0
18,K18_,17.0,22.0,15.0,10.0
19,M19D,16.0,11.0,25.0,13.0
19,M19_,17.0,18.0,21.0,15.0
19,M19E,20.0,14.0,8.0,20.0
19,M19R,54.0,54.0,80.0,59.0
19,M19N,13.0,21.0,22.0,28.0
19,M19V,49.0,45.0,74.0,72.0
19,M19L,36.0,46.0,161.0,93.0
19,M19Q,15.0,22.0,10.0,8.0
19,M19T,24.0,20.0,27.0,34.0
19,M19I,29.0,23.0,40.0,22.0
19,M19A,17.0,29.0,16.0,24.0
19,M19G,49.0,51.0,81.0,33.0
19,M19P,13.0,23.0,17.0,30.0
19,M19H,9.0,11.0,5.0,32.0
19,M19C,13.0,20.0,20.0,7.0
19,M19Y,16.0,22.0,13.0,15.0
19,M19W,17.0,16.0,63.0,29.0
19,M19K,19.0,15.0,35.0,22.0
19,M19F,14.0,15.0,21.0,15.0
19,M19S,52.0,51.0,55.0,19.0
2,D2C,27.0,26.0,25.0,38.0
2,D2M,20.0,19.0,39.0,36.0
2,D2L,54.0,76.0,118.0,91.0
2,D2W,19.0,24.0,75.0,29.0
2,D2F,15.0,16.0,43.0,26.0
2,D2E,25.0,32.0,29.0,23.0
2,D2A,30.0,34.0,62.0,41.0
2,D2P,20.0,20.0,36.0,37.0
2,D2K,16.0,22.0,56.0,68.0
2,D2H,10.0,17.0,29.0,7.0
2,D2N,13.0,11.0,37.0,20.0
2,D2I,15.0,20.0,17.0,25.0
2,D2S,39.0,52.0,37.0,39.0
2,D2G,36.0,37.0,73.0,44.0
2,D2Y,17.0,14.0,40.0,21.0
2,D2T,27.0,37.0,43.0,32.0
2,D2R,55.0,43.0,131.0,301.0
2,D2Q,14.0,13.0,49.0,27.0
2,D2V,50.0,36.0,116.0,78.0
2,D2_,17.0,25.0,20.0,180.0
20,Q20_,24.0,16.0,24.0,22.0
20,Q20L,49.0,53.0,65.0,66.0
20,Q20P,19.0,21.0,24.0,11.0
20,Q20D,13.0,18.0,14.0,6.0
20,Q20V,30.0,39.0,44.0,41.0
20,Q20Y,18.0,26.0,63.0,29.0
20,Q20S,34.0,26.0,39.0,72.0
20,Q20T,19.0,29.0,34.0,30.0
20,Q20A,20.0,24.0,27.0,20.0
20,Q20F,20.0,22.0,27.0,34.0
20,Q20E,14.0,14.0,26.0,11.0
20,Q20I,25.0,23.0,19.0,51.0
20,Q20H,23.0,12.0,39.0,17.0
20,Q20N,18.0,21.0,37.0,10.0
20,Q20K,10.0,25.0,10.0,11.0
20,Q20W,19.0,16.0,15.0,40.0
20,Q20R,38.0,43.0,96.0,42.0
20,Q20C,11.0,18.0,30.0,23.0
20,Q20G,28.0,22.0,69.0,53.0
20,Q20M,13.0,19.0,15.0,21.0
21,L21I,31.0,17.0,47.0,28.0
21,L21K,18.0,26.0,9.0,14.0
21,L21D,21.0,28.0,4.0,3.0
21,L21E,22.0,27.0,16.0,6.0
21,L21W,24.0,35.0,9.0,11.0
21,L21Q,14.0,24.0,13.0,10.0
21,L21Y,18.0,23.0,4.0,15.0
21,L21F,25.0,28.0,9.0,7.0
21,L21S,35.0,61.0,28.0,21.0
21,L21M,20.0,18.0,6.0,8.0
21,L21A,16.0,22.0,6.0,5.0
21,L21G,46.0,42.0,11.0,16.0
21,L21V,44.0,54.0,23.0,18.0
21,L21C,20.0,17.0,8.0,11.0
21,L21R,64.0,52.0,48.0,90.0
21,L21_,20.0,19.0,36.0,10.0
21,L21T,25.0,35.0,47.0,31.0
21,L21N,18.0,18.0,11.0,13.0
21,L21P,16.0,24.0,18.0,81.0
21,L21H,21.0,20.0,13.0,12.0
22,G22T,21.0,35.0,32.0,59.0
22,G22V,60.0,66.0,49.0,28.0
22,G22C,24.0,31.0,14.0,27.0
22,G22M,21.0,23.0,31.0,24.0
22,G22H,10.0,22.0,45.0,28.0
22,G22K,0.0,1.0,0.0,0.0
22,G22S,56.0,62.0,32.0,52.0
22,G22_,14.0,10.0,2.0,11.0
22,G22Q,7.0,13.0,3.0,13.0
22,G22I,28.0,18.0,45.0,63.0
22,G22P,27.0,21.0,44.0,20.0
22,G22F,29.0,24.0,42.0,24.0
22,G22L,46.0,59.0,94.0,145.0
22,G22Y,13.0,30.0,27.0,11.0
22,G22A,46.0,36.0,37.0,15.0
22,G22R,63.0,47.0,72.0,60.0
22,G22N,18.0,33.0,8.0,27.0
22,G22D,27.0,21.0,36.0,19.0
22,G22W,25.0,31.0,35.0,46.0
22,G22E,10.0,18.0,27.0,11.0
23,S23_,14.0,30.0,15.0,11.0
23,S23W,26.0,26.0,42.0,42.0
23,S23F,18.0,21.0,78.0,90.0
23,S23K,21.0,22.0,22.0,36.0
23,S23T,31.0,32.0,25.0,16.0
23,S23N,15.0,16.0,38.0,7.0
23,S23G,70.0,62.0,40.0,35.0
23,S23V,52.0,64.0,62.0,54.0
23,S23H,10.0,10.0,12.0,10.0
23,S23D,22.0,18.0,15.0,19.0
23,S23Y,21.0,16.0,79.0,25.0
23,S23E,20.0,32.0,16.0,11.0
23,S23Q,19.0,12.0,8.0,10.0
23,S23R,45.0,57.0,100.0,50.0
23,S23I,13.0,13.0,73.0,44.0
23,S23A,44.0,38.0,47.0,22.0
23,S23C,26.0,23.0,29.0,36.0
23,S23M,18.0,26.0,45.0,31.0
23,S23P,26.0,24.0,23.0,11.0
23,S23L,57.0,55.0,108.0,68.0
24,S24W,22.0,28.0,15.0,24.0
24,S24T,40.0,42.0,24.0,24.0
24,S24A,36.0,49.0,37.0,104.0
24,S24K,1.0,1.0,1.0,0.0
24,S24E,23.0,29.0,23.0,8.0
24,S24G,66.0,69.0,44.0,51.0
24,S24M,25.0,21.0,11.0,6.0
24,S24R,56.0,67.0,70.0,66.0
24,S24L,53.0,60.0,103.0,40.0
24,S24_,24.0,32.0,6.0,7.0
24,S24N,19.0,32.0,21.0,13.0
24,S24F,21.0,25.0,24.0,20.0
24,S24V,45.0,71.0,99.0,50.0
24,S24Y,27.0,29.0,25.0,27.0
24,S24Q,15.0,17.0,13.0,3.0
24,S24D,28.0,34.0,22.0,6.0
24,S24I,16.0,11.0,16.0,11.0
24,S24P,25.0,36.0,23.0,8.0
24,S24C,33.0,20.0,14.0,40.0
24,S24H,0.0,1.0,0.0,0.0
25,S25A,27.0,31.0,45.0,51.0
25,S25I,18.0,9.0,13.0,10.0
25,S25L,56.0,47.0,73.0,55.0
25,S25F,12.0,17.0,84.0,14.0
25,S25R,49.0,52.0,47.0,46.0
25,S25Q,18.0,21.0,11.0,18.0
25,S25W,18.0,22.0,28.0,119.0
25,S25T,21.0,31.0,24.0,59.0
25,S25P,30.0,18.0,14.0,22.0
25,S25Y,17.0,21.0,29.0,31.0
25,S25N,12.0,18.0,9.0,8.0
25,S25V,34.0,48.0,32.0,46.0
25,S25_,24.0,33.0,13.0,6.0
25,S25C,20.0,16.0,3.0,22.0
25,S25E,28.0,18.0,14.0,8.0
25,S25K,23.0,21.0,24.0,41.0
25,S25G,39.0,34.0,26.0,28.0
25,S25D,13.0,16.0,6.0,3.0
25,S25H,11.0,8.0,11.0,32.0
25,S25M,15.0,18.0,7.0,23.0
26,E26A,22.0,28.0,44.0,25.0
26,E26S,52.0,47.0,57.0,54.0
26,E26_,20.0,30.0,11.0,10.0
26,E26Y,21.0,25.0,39.0,73.0
26,E26T,25.0,34.0,23.0,42.0
26,E26H,19.0,16.0,56.0,15.0
26,E26V,57.0,71.0,91.0,103.0
26,E26P,25.0,25.0,38.0,71.0
26,E26M,15.0,25.0,28.0,20.0
26,E26D,24.0,19.0,16.0,28.0
26,E26L,60.0,73.0,135.0,69.0
26,E26W,26.0,28.0,59.0,39.0
26,E26F,23.0,33.0,78.0,56.0
26,E26I,20.0,22.0,35.0,17.0
26,E26G,42.0,64.0,57.0,36.0
26,E26K,20.0,19.0,20.0,30.0
26,E26R,46.0,47.0,95.0,134.0
26,E26Q,8.0,27.0,15.0,7.0
26,E26N,13.0,17.0,9.0,13.0
26,E26C,24.0,35.0,40.0,28.0
27,D27W,29.0,27.0,27.0,15.0
27,D27G,51.0,55.0,136.0,82.0
27,D27A,20.0,39.0,50.0,110.0
27,D27S,49.0,55.0,61.0,76.0
27,D27F,10.0,23.0,61.0,65.0
27,D27P,23.0,24.0,120.0,44.0
27,D27R,49.0,57.0,233.0,222.0
27,D27N,14.0,20.0,29.0,43.0
27,D27C,15.0,25.0,54.0,43.0
27,D27I,25.0,13.0,128.0,89.0
27,D27H,18.0,12.0,32.0,29.0
27,D27L,50.0,58.0,173.0,118.0
27,D27Q,17.0,12.0,69.0,10.0
27,D27Y,21.0,14.0,29.0,35.0
27,D27V,35.0,35.0,125.0,193.0
27,D27E,21.0,23.0,83.0,27.0
27,D27_,12.0,27.0,14.0,16.0
27,D27T,19.0,32.0,39.0,60.0
27,D27K,21.0,16.0,76.0,40.0
27,D27M,18.0,30.0,151.0,57.0
28,L28R,51.0,52.0,141.0,73.0
28,L28I,29.0,21.0,14.0,29.0
28,L28C,12.0,27.0,44.0,37.0
28,L28A,37.0,31.0,51.0,51.0
28,L28H,12.0,12.0,26.0,26.0
28,L28F,25.0,32.0,31.0,41.0
28,L28_,15.0,17.0,10.0,0.0
28,L28G,57.0,47.0,108.0,73.0
28,L28N,15.0,21.0,25.0,20.0
28,L28W,31.0,23.0,108.0,66.0
28,L28P,12.0,16.0,77.0,55.0
28,L28K,13.0,18.0,79.0,168.0
28,L28M,23.0,14.0,33.0,19.0
28,L28D,22.0,21.0,36.0,118.0
28,L28E,15.0,20.0,12.0,16.0
28,L28S,50.0,50.0,49.0,62.0
28,L28Y,12.0,39.0,28.0,20.0
28,L28V,50.0,53.0,55.0,97.0
28,L28T,21.0,29.0,34.0,38.0
28,L28Q,10.0,10.0,12.0,9.0
29,N29F,15.0,15.0,26.0,29.0
29,N29V,38.0,41.0,34.0,23.0
29,N29A,20.0,22.0,9.0,32.0
29,N29K,13.0,22.0,5.0,5.0
29,N29E,13.0,13.0,6.0,11.0
29,N29T,17.0,25.0,21.0,24.0
29,N29H,10.0,10.0,8.0,8.0
29,N29L,40.0,44.0,50.0,35.0
29,N29D,13.0,20.0,12.0,13.0
29,N29C,12.0,12.0,27.0,17.0
29,N29I,13.0,16.0,3.0,15.0
29,N29R,42.0,45.0,43.0,57.0
29,N29Q,12.0,15.0,2.0,8.0
29,N29G,34.0,31.0,38.0,41.0
29,N29Y,6.0,17.0,25.0,13.0
29,N29_,16.0,18.0,1.0,2.0
29,N29W,20.0,22.0,20.0,11.0
29,N29P,20.0,21.0,39.0,15.0
29,N29S,39.0,45.0,37.0,19.0
29,N29M,16.0,20.0,28.0,5.0
3,P3H,12.0,11.0,9.0,4.0
3,P3Q,14.0,20.0,17.0,20.0
3,P3K,15.0,14.0,58.0,56.0
3,P3T,24.0,38.0,64.0,14.0
3,P3L,43.0,56.0,40.0,38.0
3,P3A,35.0,29.0,548.0,32.0
3,P3Y,13.0,21.0,8.0,14.0
3,P3E,20.0,30.0,2.0,18.0
3,P3D,20.0,31.0,2.0,7.0
3,P3W,18.0,17.0,15.0,14.0
3,P3C,18.0,17.0,16.0,17.0
3,P3F,13.0,11.0,7.0,5.0
3,P3G,67.0,59.0,64.0,41.0
3,P3V,37.0,46.0,32.0,110.0
3,P3M,13.0,16.0,37.0,14.0
3,P3I,21.0,18.0,11.0,4.0
3,P3S,36.0,39.0,75.0,24.0
3,P3R,50.0,76.0,123.0,124.0
3,P3N,21.0,19.0,10.0,11.0
3,P3_,18.0,23.0,4.0,21.0
30,G30_,21.0,23.0,11.0,9.0
30,G30F,27.0,29.0,25.0,20.0
30,G30E,24.0,23.0,11.0,6.0
30,G30P,22.0,28.0,12.0,25.0
30,G30C,30.0,19.0,23.0,29.0
30,G30T,23.0,22.0,16.0,20.0
30,G30D,11.0,21.0,10.0,11.0
30,G30S,42.0,56.0,35.0,38.0
30,G30R,57.0,59.0,52.0,41.0
30,G30H,13.0,11.0,4.0,12.0
30,G30N,15.0,16.0,19.0,6.0
30,G30Y,9.0,17.0,15.0,9.0
30,G30V,56.0,68.0,37.0,48.0
30,G30W,21.0,34.0,58.0,21.0
30,G30L,64.0,57.0,43.0,60.0
30,G30Q,14.0,15.0,17.0,9.0
30,G30K,14.0,10.0,7.0,6.0
30,G30A,40.0,47.0,35.0,31.0
30,G30I,10.0,17.0,17.0,6.0
30,G30M,15.0,21.0,15.0,17.0
31,I31H,11.0,7.0,4.0,19.0
31,I31S,44.0,48.0,68.0,30.0
31,I31Q,11.0,16.0,7.0,19.0
31,I31_,14.0,13.0,15.0,2.0
31,I31N,12.0,11.0,16.0,8.0
31,I31L,33.0,43.0,35.0,17.0
31,I31V,38.0,39.0,37.0,63.0
31,I31G,54.0,46.0,59.0,49.0
31,I31F,10.0,15.0,16.0,16.0
31,I31W,20.0,23.0,25.0,41.0
31,I31M,10.0,8.0,29.0,2.0
31,I31E,7.0,14.0,7.0,2.0
31,I31C,12.0,23.0,40.0,22.0
31,I31R,40.0,49.0,52.0,40.0
31,I31A,22.0,25.0,40.0,23.0
31,I31D,12.0,15.0,8.0,7.0
31,I31K,10.0,13.0,8.0,15.0
31,I31T,21.0,19.0,21.0,8.0
31,I31Y,6.0,19.0,24.0,14.0
31,I31P,15.0,14.0,4.0,11.0
32,I32P,20.0,17.0,17.0,9.0
32,I32N,3.0,9.0,12.0,8.0
32,I32D,21.0,18.0,15.0,13.0
32,I32S,48.0,38.0,60.0,108.0
32,I32E,3.0,2.0,2.0,2.0
32,I32Q,7.0,16.0,18.0,4.0
32,I32F,13.0,23.0,88.0,37.0
32,I32V,30.0,60.0,46.0,27.0
32,I32R,56.0,44.0,104.0,50.0
32,I32C,22.0,18.0,236.0,20.0
32,I32G,42.0,53.0,60.0,78.0
32,I32K,11.0,14.0,16.0,28.0
32,I32L,53.0,49.0,99.0,134.0
32,I32H,9.0,4.0,30.0,18.0
32,I32Y,14.0,18.0,16.0,18.0
32,I32A,22.0,30.0,52.0,78.0
32,I32T,20.0,25.0,59.0,58.0
32,I32W,23.0,19.0,63.0,19.0
32,I32_,16.0,8.0,4.0,4.0
32,I32M,20.0,14.0,31.0,32.0
33,T33W,6.0,15.0,25.0,33.0
33,T33A,22.0,34.0,12.0,24.0
33,T33M,23.0,13.0,19.0,10.0
33,T33K,16.0,19.0,14.0,14.0
33,T33L,54.0,48.0,131.0,131.0
33,T33H,13.0,15.0,9.0,10.0
33,T33V,44.0,30.0,61.0,177.0
33,T33E,11.0,25.0,6.0,13.0
33,T33F,14.0,30.0,6.0,19.0
33,T33N,13.0,15.0,3.0,55.0
33,T33G,29.0,58.0,37.0,30.0
33,T33Q,13.0,14.0,19.0,6.0
33,T33R,26.0,38.0,29.0,27.0
33,T33P,24.0,30.0,23.0,24.0
33,T33I,17.0,17.0,14.0,29.0
33,T33Y,10.0,21.0,36.0,29.0
33,T33S,46.0,41.0,40.0,32.0
33,T33_,14.0,24.0,5.0,3.0
33,T33D,16.0,17.0,25.0,14.0
33,T33C,22.0,21.0,11.0,17.0
34,Q34H,3.0,3.0,3.0,2.0
34,Q34I,1.0,6.0,3.0,1.0
34,Q34D,3.0,1.0,0.0,1.0
34,Q34Y,1.0,6.0,1.0,1.0
34,Q34M,0.0,3.0,0.0,0.0
34,Q34L,4.0,3.0,3.0,1.0
34,Q34T,1.0,1.0,5.0,2.0
34,Q34E,3.0,2.0,2.0,1.0
34,Q34K,3.0,3.0,0.0,0.0
34,Q34S,7.0,5.0,1.0,6.0
34,Q34R,2.0,2.0,7.0,3.0
34,Q34A,2.0,5.0,1.0,0.0
34,Q34G,3.0,2.0,0.0,0.0
34,Q34_,1.0,3.0,1.0,0.0
34,Q34C,3.0,1.0,0.0,0.0
34,Q34W,2.0,2.0,0.0,0.0
34,Q34F,1.0,3.0,0.0,1.0
34,Q34V,4.0,0.0,5.0,3.0
34,Q34N,1.0,3.0,2.0,5.0
34,Q34P,1.0,2.0,2.0,7.0
35,F35A,36.0,25.0,27.0,33.0
35,F35N,21.0,28.0,30.0,14.0
35,F35Y,21.0,26.0,32.0,44.0
35,F35M,21.0,36.0,28.0,27.0
35,F35D,36.0,26.0,17.0,25.0
35,F35P,22.0,21.0,23.0,38.0
35,F35_,36.0,34.0,10.0,9.0
35,F35I,22.0,25.0,24.0,23.0
35,F35R,53.0,77.0,58.0,74.0
35,F35T,38.0,45.0,53.0,65.0
35,F35V,75.0,66.0,88.0,58.0
35,F35S,59.0,44.0,66.0,69.0
35,F35Q,17.0,27.0,9.0,15.0
35,F35K,22.0,28.0,46.0,42.0
35,F35C,32.0,28.0,43.0,39.0
35,F35E,29.0,34.0,20.0,32.0
35,F35L,59.0,73.0,50.0,56.0
35,F35H,23.0,18.0,14.0,12.0
35,F35G,61.0,66.0,35.0,43.0
35,F35W,25.0,32.0,55.0,43.0
36,E36S,72.0,75.0,391.0,80.0
36,E36K,26.0,31.0,38.0,35.0
36,E36Y,37.0,39.0,51.0,35.0
36,E36R,67.0,75.0,123.0,95.0
36,E36F,41.0,34.0,64.0,65.0
36,E36A,50.0,44.0,103.0,57.0
36,E36G,58.0,75.0,165.0,185.0
36,E36T,33.0,48.0,34.0,48.0
36,E36L,89.0,84.0,280.0,250.0
36,E36H,16.0,19.0,45.0,22.0
36,E36D,6.0,4.0,6.0,11.0
36,E36V,71.0,86.0,87.0,80.0
36,E36W,32.0,36.0,68.0,64.0
36,E36I,43.0,42.0,101.0,37.0
36,E36_,28.0,39.0,18.0,9.0
36,E36P,33.0,27.0,20.0,26.0
36,E36C,24.0,37.0,91.0,57.0
36,E36M,37.0,34.0,297.0,73.0
36,E36N,23.0,29.0,44.0,42.0
36,E36Q,15.0,24.0,45.0,51.0
37,S37K,13.0,21.0,65.0,16.0
37,S37L,84.0,117.0,178.0,182.0
37,S37A,28.0,29.0,42.0,29.0
37,S37G,73.0,106.0,53.0,80.0
37,S37W,32.0,51.0,56.0,90.0
37,S37V,79.0,99.0,193.0,199.0
37,S37M,33.0,37.0,58.0,36.0
37,S37C,53.0,42.0,66.0,72.0
37,S37I,39.0,31.0,97.0,72.0
37,S37P,33.0,28.0,47.0,13.0
37,S37D,30.0,53.0,15.0,20.0
37,S37H,21.0,34.0,20.0,47.0
37,S37R,83.0,94.0,174.0,100.0
37,S37Y,40.0,48.0,97.0,105.0
37,S37E,26.0,40.0,13.0,21.0
37,S37Q,15.0,21.0,14.0,14.0
37,S37F,56.0,46.0,96.0,83.0
37,S37N,25.0,28.0,33.0,25.0
37,S37_,24.0,44.0,6.0,15.0
37,S37T,42.0,45.0,33.0,91.0
38,L38N,17.0,30.0,20.0,25.0
38,L38Q,10.0,8.0,12.0,13.0
38,L38_,9.0,28.0,5.0,0.0
38,L38K,16.0,16.0,8.0,16.0
38,L38Y,28.0,23.0,34.0,21.0
38,L38S,55.0,81.0,97.0,28.0
38,L38W,16.0,31.0,67.0,38.0
38,L38M,19.0,21.0,26.0,30.0
38,L38T,22.0,19.0,35.0,24.0
38,L38I,28.0,25.0,87.0,8.0
38,L38A,23.0,23.0,19.0,15.0
38,L38R,42.0,42.0,85.0,44.0
38,L38H,34.0,21.0,27.0,33.0
38,L38V,43.0,62.0,32.0,23.0
38,L38D,20.0,32.0,19.0,18.0
38,L38G,64.0,63.0,81.0,59.0
38,L38E,11.0,16.0,11.0,4.0
38,L38C,27.0,31.0,118.0,50.0
38,L38P,23.0,32.0,22.0,15.0
38,L38F,31.0,35.0,43.0,60.0
39,K39L,1.0,1.0,3.0,1.0
39,K39T,6.0,3.0,1.0,0.0
39,K39Y,1.0,0.0,0.0,0.0
39,K39E,1.0,2.0,2.0,2.0
39,K39D,0.0,1.0,0.0,0.0
39,K39S,4.0,0.0,2.0,1.0
39,K39F,1.0,2.0,0.0,3.0
39,K39Q,0.0,2.0,1.0,1.0
39,K39N,0.0,0.0,0.0,1.0
39,K39P,2.0,1.0,0.0,3.0
39,K39G,4.0,1.0,0.0,1.0
39,K39M,0.0,2.0,0.0,0.0
39,K39V,5.0,1.0,1.0,2.0
39,K39H,1.0,3.0,3.0,3.0
39,K39C,0.0,2.0,0.0,1.0
39,K39R,0.0,7.0,4.0,2.0
39,K39A,3.0,7.0,3.0,0.0
39,K39I,1.0,1.0,0.0,0.0
4,N4F,16.0,25.0,23.0,19.0
4,N4E,21.0,17.0,8.0,11.0
4,N4D,26.0,22.0,3.0,13.0
4,N4G,35.0,54.0,33.0,34.0
4,N4R,56.0,47.0,56.0,52.0
4,N4P,19.0,30.0,55.0,43.0
4,N4T,19.0,29.0,14.0,16.0
4,N4K,7.0,21.0,41.0,35.0
4,N4C,30.0,19.0,8.0,14.0
4,N4H,12.0,13.0,28.0,11.0
4,N4A,25.0,25.0,38.0,34.0
4,N4W,21.0,10.0,31.0,27.0
4,N4_,10.0,19.0,18.0,11.0
4,N4Q,16.0,11.0,5.0,13.0
4,N4S,50.0,43.0,51.0,57.0
4,N4L,44.0,35.0,38.0,69.0
4,N4I,16.0,15.0,18.0,23.0
4,N4Y,14.0,21.0,21.0,12.0
4,N4M,15.0,25.0,16.0,9.0
4,N4V,31.0,51.0,50.0,69.0
40,L40G,3.0,5.0,2.0,4.0
40,L40I,1.0,3.0,3.0,0.0
40,L40_,1.0,3.0,0.0,1.0
40,L40P,0.0,2.0,2.0,8.0
40,L40Q,5.0,3.0,0.0,0.0
40,L40R,4.0,8.0,2.0,5.0
40,L40C,1.0,1.0,0.0,2.0
40,L40F,0.0,1.0,28.0,5.0
40,L40T,3.0,4.0,1.0,1.0
40,L40A,2.0,7.0,2.0,0.0
40,L40W,2.0,1.0,0.0,2.0
40,L40H,1.0,4.0,0.0,0.0
40,L40E,2.0,5.0,1.0,0.0
40,L40N,3.0,3.0,0.0,0.0
40,L40D,0.0,1.0,0.0,1.0
40,L40K,1.0,3.0,3.0,2.0
40,L40M,3.0,1.0,0.0,3.0
40,L40V,4.0,6.0,10.0,9.0
40,L40Y,1.0,1.0,0.0,0.0
40,L40S,4.0,8.0,9.0,13.0
41,Y41Q,19.0,16.0,93.0,30.0
41,Y41I,12.0,16.0,82.0,17.0
41,Y41K,16.0,17.0,196.0,197.0
41,Y41W,12.0,23.0,9.0,6.0
41,Y41N,19.0,17.0,56.0,60.0
41,Y41_,18.0,27.0,0.0,3.0
41,Y41S,37.0,42.0,163.0,91.0
41,Y41G,7.0,8.0,11.0,6.0
41,Y41D,5.0,1.0,5.0,7.0
41,Y41E,6.0,3.0,9.0,0.0
41,Y41A,6.0,4.0,8.0,29.0
41,Y41V,8.0,4.0,4.0,38.0
41,Y41P,24.0,29.0,61.0,68.0
41,Y41L,59.0,71.0,191.0,162.0
41,Y41R,24.0,43.0,276.0,131.0
41,Y41M,19.0,27.0,136.0,50.0
41,Y41T,29.0,39.0,65.0,57.0
41,Y41C,13.0,15.0,38.0,45.0
41,Y41H,14.0,23.0,86.0,30.0
41,Y41F,6.0,8.0,0.0,2.0
42,R42Q,21.0,14.0,49.0,35.0
42,R42M,28.0,40.0,6.0,9.0
42,R42C,22.0,31.0,43.0,26.0
42,R42K,27.0,21.0,86.0,516.0
42,R42D,18.0,25.0,4.0,5.0
42,R42V,58.0,65.0,119.0,83.0
42,R42N,23.0,40.0,19.0,26.0
42,R42P,38.0,48.0,40.0,22.0
42,R42I,35.0,29.0,59.0,25.0
42,R42A,37.0,42.0,54.0,46.0
42,R42F,47.0,34.0,48.0,39.0
42,R42W,33.0,36.0,42.0,51.0
42,R42G,71.0,73.0,78.0,320.0
42,R42T,45.0,54.0,46.0,59.0
42,R42E,25.0,23.0,24.0,8.0
42,R42L,91.0,94.0,101.0,73.0
42,R42S,70.0,83.0,139.0,90.0
42,R42Y,35.0,29.0,9.0,9.0
42,R42H,17.0,19.0,12.0,6.0
42,R42_,32.0,41.0,2.0,1.0
43,D43_,15.0,17.0,5.0,2.0
43,D43Q,23.0,23.0,86.0,58.0
43,D43W,25.0,21.0,51.0,160.0
43,D43L,57.0,68.0,331.0,189.0
43,D43R,51.0,55.0,425.0,277.0
43,D43K,21.0,13.0,223.0,56.0
43,D43A,33.0,43.0,465.0,340.0
43,D43E,22.0,18.0,61.0,18.0
43,D43H,22.0,10.0,50.0,58.0
43,D43T,22.0,38.0,703.0,123.0
43,D43G,60.0,53.0,509.0,402.0
43,D43M,18.0,25.0,162.0,115.0
43,D43I,23.0,20.0,106.0,142.0
43,D43F,22.0,23.0,525.0,100.0
43,D43C,20.0,20.0,173.0,517.0
43,D43N,18.0,21.0,68.0,29.0
43,D43Y,12.0,20.0,85.0,103.0
43,D43V,27.0,35.0,399.0,406.0
43,D43S,46.0,79.0,495.0,762.0
43,D43P,26.0,32.0,344.0,158.0
44,S44_,29.0,34.0,9.0,5.0
44,S44C,24.0,33.0,66.0,57.0
44,S44A,41.0,39.0,72.0,90.0
44,S44K,20.0,26.0,193.0,24.0
44,S44G,51.0,63.0,99.0,71.0
44,S44D,33.0,25.0,28.0,16.0
44,S44W,18.0,18.0,44.0,27.0
44,S44T,41.0,44.0,65.0,54.0
44,S44P,29.0,36.0,73.0,70.0
44,S44F,28.0,26.0,36.0,27.0
44,S44N,23.0,24.0,30.0,15.0
44,S44R,49.0,62.0,122.0,67.0
44,S44I,16.0,25.0,72.0,46.0
44,S44V,50.0,45.0,124.0,111.0
44,S44M,21.0,32.0,46.0,61.0
44,S44E,23.0,24.0,31.0,8.0
44,S44H,30.0,21.0,46.0,10.0
44,S44L,64.0,83.0,214.0,131.0
44,S44Q,23.0,20.0,24.0,48.0
44,S44Y,28.0,24.0,35.0,23.0
45,L45H,7.0,14.0,31.0,16.0
45,L45C,16.0,13.0,42.0,30.0
45,L45F,16.0,24.0,34.0,23.0
45,L45K,6.0,4.0,42.0,4.0
45,L45Q,14.0,11.0,9.0,5.0
45,L45Y,16.0,17.0,43.0,10.0
45,L45_,13.0,15.0,5.0,0.0
45,L45T,15.0,9.0,19.0,17.0
45,L45I,7.0,9.0,10.0,11.0
45,L45S,31.0,34.0,89.0,55.0
45,L45V,13.0,30.0,36.0,78.0
45,L45G,22.0,22.0,48.0,69.0
45,L45A,13.0,23.0,42.0,77.0
45,L45W,18.0,21.0,44.0,44.0
45,L45E,10.0,17.0,8.0,3.0
45,L45M,8.0,12.0,7.0,3.0
45,L45D,17.0,17.0,11.0,10.0
45,L45R,18.0,28.0,115.0,62.0
45,L45P,13.0,23.0,36.0,39.0
45,L45N,1.0,8.0,15.0,24.0
46,G46H,15.0,15.0,6.0,8.0
46,G46N,13.0,12.0,8.0,15.0
46,G46E,17.0,13.0,9.0,17.0
46,G46D,12.0,14.0,16.0,10.0
46,G46W,24.0,22.0,33.0,14.0
46,G46T,34.0,25.0,41.0,10.0
46,G46R,48.0,49.0,76.0,61.0
46,G46C,24.0,25.0,23.0,16.0
46,G46K,16.0,15.0,38.0,32.0
46,G46Q,16.0,12.0,15.0,19.0
46,G46V,38.0,45.0,19.0,25.0
46,G46M,19.0,13.0,25.0,42.0
46,G46L,53.0,79.0,70.0,85.0
46,G46Y,15.0,18.0,20.0,24.0
46,G46I,16.0,31.0,29.0,6.0
46,G46F,23.0,38.0,29.0,45.0
46,G46S,57.0,45.0,53.0,24.0
46,G46P,25.0,17.0,192.0,30.0
46,G46A,31.0,33.0,13.0,22.0
46,G46_,18.0,23.0,4.0,8.0
47,E47W,22.0,25.0,33.0,65.0
47,E47V,16.0,19.0,24.0,22.0
47,E47C,19.0,21.0,20.0,23.0
47,E47N,17.0,17.0,24.0,11.0
47,E47G,31.0,40.0,68.0,39.0
47,E47Q,10.0,12.0,12.0,8.0
47,E47Y,23.0,11.0,33.0,13.0
47,E47T,24.0,20.0,22.0,28.0
47,E47I,9.0,14.0,188.0,34.0
47,E47K,10.0,18.0,30.0,22.0
47,E47L,40.0,39.0,47.0,44.0
47,E47_,13.0,12.0,11.0,16.0
47,E47P,12.0,9.0,115.0,34.0
47,E47D,16.0,12.0,15.0,18.0
47,E47S,34.0,48.0,49.0,44.0
47,E47H,11.0,6.0,7.0,5.0
47,E47M,13.0,24.0,11.0,14.0
47,E47F,19.0,38.0,30.0,38.0
47,E47A,21.0,22.0,36.0,9.0
47,E47R,54.0,45.0,35.0,23.0
48,A48W,15.0,15.0,43.0,28.0
48,A48L,29.0,41.0,19.0,27.0
48,A48S,21.0,36.0,36.0,30.0
48,A48I,8.0,6.0,7.0,2.0
48,A48N,6.0,8.0,6.0,6.0
48,A48_,11.0,13.0,0.0,7.0
48,A48E,12.0,9.0,1.0,5.0
48,A48H,7.0,13.0,12.0,9.0
48,A48R,44.0,44.0,126.0,124.0
48,A48K,12.0,9.0,8.0,12.0
48,A48T,21.0,23.0,15.0,13.0
48,A48V,20.0,23.0,11.0,17.0
48,A48Y,9.0,7.0,19.0,1.0
48,A48F,7.0,19.0,13.0,15.0
48,A48Q,9.0,7.0,18.0,2.0
48,A48G,39.0,33.0,41.0,25.0
48,A48D,9.0,9.0,8.0,6.0
48,A48P,13.0,17.0,28.0,20.0
48,A48M,11.0,7.0,9.0,5.0
48,A48C,7.0,19.0,11.0,18.0
49,V49I,16.0,11.0,12.0,1.0
49,V49G,35.0,31.0,35.0,27.0
49,V49N,10.0,17.0,25.0,7.0
49,V49M,16.0,19.0,7.0,8.0
49,V49F,21.0,25.0,13.0,16.0
49,V49Q,10.0,9.0,10.0,14.0
49,V49D,9.0,21.0,2.0,6.0
49,V49R,43.0,45.0,75.0,22.0
49,V49C,14.0,18.0,17.0,17.0
49,V49E,20.0,22.0,6.0,3.0
49,V49K,16.0,19.0,10.0,7.0
49,V49T,20.0,18.0,38.0,20.0
49,V49W,13.0,21.0,36.0,49.0
49,V49H,9.0,14.0,20.0,10.0
49,V49P,11.0,24.0,17.0,7.0
49,V49A,22.0,25.0,12.0,20.0
49,V49S,49.0,42.0,32.0,69.0
49,V49L,49.0,45.0,193.0,87.0
49,V49Y,12.0,24.0,1418.0,80.0
49,V49_,9.0,15.0,8.0,9.0
5,T5H,14.0,18.0,20.0,20.0
5,T5G,42.0,36.0,48.0,46.0
5,T5_,16.0,18.0,27.0,8.0
5,T5W,18.0,22.0,18.0,22.0
5,T5C,21.0,13.0,7.0,15.0
5,T5D,20.0,16.0,10.0,7.0
5,T5M,13.0,16.0,26.0,12.0
5,T5I,17.0,15.0,18.0,11.0
5,T5N,19.0,20.0,43.0,17.0
5,T5K,15.0,19.0,100.0,52.0
5,T5R,37.0,57.0,105.0,136.0
5,T5F,18.0,24.0,27.0,12.0
5,T5P,19.0,23.0,24.0,48.0
5,T5E,23.0,21.0,14.0,7.0
5,T5V,54.0,37.0,36.0,27.0
5,T5Y,17.0,20.0,19.0,10.0
5,T5S,31.0,35.0,44.0,24.0
5,T5L,45.0,56.0,33.0,39.0
5,T5Q,20.0,17.0,11.0,22.0
5,T5A,28.0,35.0,17.0,17.0
50,M50R,47.0,48.0,36.0,18.0
50,M50Y,14.0,20.0,6.0,5.0
50,M50C,23.0,16.0,9.0,8.0
50,M50S,31.0,55.0,28.0,26.0
50,M50G,34.0,34.0,30.0,35.0
50,M50T,25.0,29.0,12.0,10.0
50,M50D,19.0,21.0,2.0,5.0
50,M50H,5.0,19.0,18.0,8.0
50,M50Q,10.0,20.0,4.0,4.0
50,M50K,11.0,18.0,5.0,1.0
50,M50P,9.0,23.0,13.0,27.0
50,M50L,49.0,45.0,14.0,26.0
50,M50I,18.0,23.0,13.0,11.0
50,M50A,18.0,28.0,22.0,14.0
50,M50N,14.0,14.0,26.0,3.0
50,M50_,10.0,19.0,12.0,5.0
50,M50V,34.0,39.0,18.0,6.0
50,M50W,16.0,17.0,11.0,8.0
50,M50E,13.0,15.0,0.0,1.0
50,M50F,20.0,32.0,9.0,4.0
51,R51I,18.0,18.0,4.0,16.0
51,R51Y,12.0,12.0,4.0,1.0
51,R51L,41.0,36.0,26.0,23.0
51,R51G,37.0,39.0,21.0,25.0
51,R51A,19.0,17.0,10.0,7.0
51,R51D,12.0,18.0,2.0,6.0
51,R51T,19.0,21.0,8.0,3.0
51,R51N,14.0,11.0,6.0,8.0
51,R51H,18.0,14.0,7.0,4.0
51,R51P,13.0,31.0,11.0,15.0
51,R51E,14.0,18.0,4.0,6.0
51,R51M,15.0,10.0,5.0,2.0
51,R51F,10.0,21.0,7.0,7.0
51,R51V,36.0,44.0,14.0,18.0
51,R51_,16.0,23.0,7.0,20.0
51,R51C,14.0,11.0,8.0,6.0
51,R51Q,12.0,7.0,13.0,3.0
51,R51K,14.0,11.0,6.0,11.0
51,R51S,33.0,32.0,29.0,15.0
51,R51W,13.0,10.0,17.0,6.0
52,M52I,14.0,16.0,26.0,33.0
52,M52Y,16.0,19.0,10.0,7.0
52,M52T,21.0,40.0,12.0,18.0
52,M52F,25.0,28.0,8.0,7.0
52,M52_,14.0,22.0,9.0,39.0
52,M52D,11.0,14.0,20.0,5.0
52,M52A,41.0,37.0,13.0,12.0
52,M52K,13.0,29.0,14.0,5.0
52,M52N,10.0,17.0,4.0,7.0
52,M52E,17.0,15.0,8.0,1.0
52,M52Q,11.0,25.0,11.0,20.0
52,M52V,21.0,35.0,35.0,71.0
52,M52R,43.0,54.0,13.0,16.0
52,M52P,18.0,20.0,2.0,5.0
52,M52H,13.0,10.0,6.0,6.0
52,M52S,53.0,56.0,22.0,29.0
52,M52W,18.0,21.0,13.0,1.0
52,M52C,14.0,16.0,3.0,5.0
52,M52L,42.0,53.0,72.0,34.0
52,M52G,49.0,54.0,13.0,22.0
53,G53C,19.0,24.0,14.0,9.0
53,G53S,43.0,47.0,28.0,12.0
53,G53H,10.0,14.0,6.0,8.0
53,G53Y,19.0,15.0,20.0,5.0
53,G53F,10.0,27.0,12.0,3.0
53,G53_,23.0,16.0,7.0,4.0
53,G53P,26.0,27.0,7.0,8.0
53,G53L,63.0,45.0,51.0,62.0
53,G53V,30.0,54.0,31.0,18.0
53,G53D,11.0,12.0,7.0,14.0
53,G53N,6.0,12.0,6.0,7.0
53,G53E,22.0,12.0,8.0,16.0
53,G53T,30.0,24.0,14.0,11.0
53,G53A,24.0,22.0,21.0,18.0
53,G53I,16.0,20.0,22.0,14.0
53,G53R,41.0,47.0,21.0,19.0
53,G53M,18.0,16.0,31.0,16.0
53,G53W,18.0,19.0,37.0,18.0
53,G53K,15.0,18.0,4.0,6.0
53,G53Q,11.0,8.0,17.0,6.0
54,D54T,27.0,29.0,32.0,9.0
54,D54Y,21.0,33.0,22.0,18.0
54,D54N,20.0,20.0,7.0,26.0
54,D54R,35.0,47.0,33.0,52.0
54,D54V,42.0,47.0,47.0,53.0
54,D54W,26.0,29.0,23.0,20.0
54,D54K,17.0,10.0,11.0,16.0
54,D54_,13.0,19.0,5.0,13.0
54,D54F,16.0,13.0,22.0,17.0
54,D54M,22.0,15.0,14.0,73.0
54,D54G,54.0,55.0,36.0,51.0
54,D54Q,9.0,11.0,10.0,16.0
54,D54H,8.0,17.0,150.0,9.0
54,D54S,32.0,50.0,78.0,38.0
54,D54I,11.0,12.0,20.0,8.0
54,D54A,31.0,31.0,48.0,35.0
54,D54L,52.0,58.0,79.0,94.0
54,D54E,11.0,14.0,29.0,19.0
54,D54C,21.0,21.0,31.0,15.0
54,D54P,18.0,29.0,22.0,10.0
55,L55I,21.0,14.0,11.0,8.0
55,L55N,14.0,14.0,1.0,24.0
55,L55M,15.0,24.0,11.0,32.0
55,L55Q,14.0,16.0,10.0,10.0
55,L55D,11.0,18.0,4.0,7.0
55,L55W,28.0,23.0,5.0,21.0
55,L55H,13.0,10.0,7.0,3.0
55,L55S,32.0,50.0,35.0,30.0
55,L55T,18.0,29.0,12.0,12.0
55,L55G,42.0,38.0,35.0,36.0
55,L55Y,18.0,20.0,9.0,4.0
55,L55R,62.0,51.0,24.0,39.0
55,L55E,15.0,21.0,5.0,6.0
55,L55V,30.0,32.0,14.0,7.0
55,L55A,18.0,21.0,6.0,15.0
55,L55F,17.0,23.0,11.0,21.0
55,L55_,23.0,24.0,3.0,14.0
55,L55P,11.0,23.0,9.0,12.0
55,L55C,19.0,29.0,10.0,14.0
55,L55K,13.0,18.0,13.0,3.0
56,H56N,12.0,17.0,1.0,6.0
56,H56Y,13.0,24.0,31.0,8.0
56,H56I,7.0,25.0,11.0,17.0
56,H56A,39.0,50.0,7.0,66.0
56,H56V,57.0,50.0,21.0,24.0
56,H56E,14.0,15.0,3.0,1.0
56,H56S,54.0,62.0,22.0,14.0
56,H56G,53.0,58.0,26.0,20.0
56,H56C,16.0,15.0,8.0,6.0
56,H56K,18.0,20.0,8.0,7.0
56,H56D,10.0,13.0,4.0,5.0
56,H56T,27.0,20.0,2.0,4.0
56,H56F,19.0,18.0,15.0,14.0
56,H56M,20.0,20.0,23.0,12.0
56,H56Q,17.0,13.0,7.0,4.0
56,H56_,17.0,16.0,11.0,11.0
56,H56W,31.0,24.0,6.0,1.0
56,H56P,20.0,12.0,9.0,15.0
56,H56L,50.0,41.0,28.0,30.0
56,H56R,43.0,57.0,34.0,19.0
57,S57N,10.0,14.0,15.0,27.0
57,S57K,17.0,19.0,12.0,32.0
57,S57F,17.0,26.0,21.0,7.0
57,S57E,23.0,21.0,25.0,10.0
57,S57P,18.0,21.0,8.0,8.0
57,S57T,25.0,23.0,31.0,23.0
57,S57A,20.0,27.0,22.0,19.0
57,S57R,40.0,41.0,79.0,52.0
57,S57Y,16.0,15.0,21.0,1.0
57,S57Q,11.0,16.0,16.0,3.0
57,S57V,36.0,43.0,18.0,24.0
57,S57W,20.0,21.0,22.0,19.0
57,S57D,10.0,12.0,12.0,6.0
57,S57_,16.0,23.0,14.0,11.0
57,S57H,11.0,8.0,25.0,22.0
57,S57I,16.0,9.0,11.0,5.0
57,S57C,10.0,13.0,4.0,3.0
57,S57L,32.0,54.0,40.0,48.0
57,S57G,17.0,36.0,47.0,52.0
57,S57M,9.0,13.0,16.0,11.0
58,L58P,33.0,25.0,21.0,12.0
58,L58C,25.0,26.0,13.0,23.0
58,L58K,14.0,15.0,5.0,6.0
58,L58R,60.0,65.0,39.0,48.0
58,L58S,55.0,57.0,15.0,22.0
58,L58_,25.0,25.0,5.0,7.0
58,L58F,16.0,35.0,15.0,9.0
58,L58V,57.0,49.0,27.0,28.0
58,L58D,23.0,33.0,4.0,13.0
58,L58W,31.0,28.0,17.0,19.0
58,L58M,10.0,19.0,9.0,5.0
58,L58T,21.0,27.0,17.0,7.0
58,L58Y,18.0,30.0,12.0,12.0
58,L58G,68.0,61.0,29.0,53.0
58,L58N,10.0,10.0,16.0,7.0
58,L58E,18.0,25.0,24.0,8.0
58,L58H,11.0,12.0,9.0,7.0
58,L58I,20.0,14.0,17.0,9.0
58,L58Q,9.0,14.0,39.0,12.0
58,L58A,23.0,34.0,27.0,34.0
59,Q59P,25.0,30.0,10.0,5.0
59,Q59E,23.0,22.0,8.0,4.0
59,Q59I,23.0,16.0,21.0,6.0
59,Q59H,16.0,10.0,4.0,6.0
59,Q59S,56.0,65.0,27.0,22.0
59,Q59T,28.0,37.0,11.0,11.0
59,Q59N,9.0,19.0,6.0,3.0
59,Q59D,12.0,25.0,16.0,18.0
59,Q59K,17.0,10.0,2.0,12.0
59,Q59F,19.0,27.0,5.0,20.0
59,Q59L,50.0,68.0,23.0,33.0
59,Q59Y,10.0,11.0,22.0,4.0
59,Q59C,17.0,26.0,27.0,5.0
59,Q59R,56.0,62.0,19.0,22.0
59,Q59V,44.0,47.0,13.0,24.0
59,Q59M,19.0,13.0,9.0,12.0
59,Q59_,20.0,27.0,11.0,15.0
59,Q59A,20.0,42.0,7.0,4.0
59,Q59G,59.0,59.0,66.0,47.0
59,Q59W,19.0,31.0,28.0,14.0
6,V6I,21.0,17.0,18.0,23.0
6,V6C,18.0,21.0,9.0,6.0
6,V6D,15.0,23.0,29.0,5.0
6,V6_,12.0,16.0,13.0,10.0
6,V6S,54.0,55.0,32.0,30.0
6,V6R,40.0,50.0,114.0,107.0
6,V6W,20.0,17.0,26.0,24.0
6,V6A,32.0,30.0,65.0,37.0
6,V6G,43.0,51.0,20.0,39.0
6,V6K,8.0,18.0,42.0,46.0
6,V6P,15.0,18.0,24.0,32.0
6,V6H,12.0,17.0,8.0,7.0
6,V6N,21.0,15.0,15.0,9.0
6,V6Y,15.0,21.0,21.0,3.0
6,V6M,15.0,17.0,11.0,9.0
6,V6L,49.0,47.0,155.0,46.0
6,V6F,15.0,17.0,21.0,8.0
6,V6Q,14.0,18.0,8.0,13.0
6,V6E,8.0,18.0,15.0,7.0
6,V6T,10.0,20.0,22.0,15.0
60,N60_,20.0,27.0,3.0,7.0
60,N60Y,26.0,22.0,26.0,17.0
60,N60S,55.0,56.0,31.0,36.0
60,N60K,10.0,16.0,25.0,11.0
60,N60E,11.0,12.0,22.0,23.0
60,N60T,32.0,32.0,35.0,44.0
60,N60A,49.0,39.0,26.0,22.0
60,N60C,25.0,27.0,10.0,19.0
60,N60D,13.0,29.0,8.0,15.0
60,N60V,63.0,72.0,36.0,45.0
60,N60I,27.0,32.0,19.0,10.0
60,N60H,12.0,20.0,12.0,9.0
60,N60G,41.0,59.0,33.0,44.0
60,N60Q,13.0,17.0,3.0,22.0
60,N60W,17.0,31.0,13.0,10.0
60,N60F,26.0,42.0,43.0,31.0
60,N60R,57.0,58.0,43.0,58.0
60,N60P,27.0,35.0,15.0,15.0
60,N60L,70.0,74.0,48.0,47.0
60,N60M,26.0,25.0,16.0,21.0
61,R61_,26.0,24.0,13.0,11.0
61,R61Q,12.0,15.0,5.0,12.0
61,R61V,50.0,63.0,27.0,38.0
61,R61A,30.0,50.0,28.0,11.0
61,R61T,36.0,34.0,15.0,19.0
61,R61M,29.0,17.0,8.0,7.0
61,R61Y,29.0,28.0,22.0,15.0
61,R61D,13.0,28.0,6.0,9.0
61,R61C,24.0,26.0,14.0,17.0
61,R61S,56.0,61.0,30.0,50.0
61,R61N,25.0,14.0,11.0,5.0
61,R61K,24.0,21.0,16.0,7.0
61,R61L,76.0,71.0,29.0,31.0
61,R61E,18.0,18.0,6.0,6.0
61,R61P,29.0,30.0,16.0,73.0
61,R61I,21.0,19.0,5.0,11.0
61,R61G,66.0,53.0,24.0,30.0
61,R61H,21.0,17.0,7.0,12.0
61,R61F,41.0,26.0,24.0,17.0
61,R61W,21.0,34.0,9.0,7.0
62,N62A,26.0,25.0,30.0,18.0
62,N62D,16.0,15.0,13.0,12.0
62,N62P,29.0,26.0,11.0,18.0
62,N62C,21.0,20.0,6.0,4.0
62,N62K,25.0,24.0,13.0,3.0
62,N62H,15.0,17.0,5.0,15.0
62,N62I,13.0,14.0,19.0,9.0
62,N62E,12.0,21.0,15.0,15.0
62,N62V,41.0,35.0,31.0,34.0
62,N62Q,17.0,22.0,13.0,13.0
62,N62_,16.0,15.0,7.0,7.0
62,N62T,18.0,27.0,30.0,20.0
62,N62L,48.0,60.0,33.0,20.0
62,N62R,66.0,65.0,40.0,55.0
62,N62Y,15.0,15.0,20.0,4.0
62,N62M,18.0,14.0,19.0,18.0
62,N62G,47.0,42.0,28.0,25.0
62,N62F,18.0,30.0,13.0,13.0
62,N62S,52.0,60.0,33.0,49.0
62,N62W,20.0,27.0,10.0,20.0
63,G63V,40.0,49.0,30.0,43.0
63,G63W,11.0,12.0,31.0,7.0
63,G63R,55.0,60.0,379.0,89.0
63,G63D,12.0,14.0,12.0,14.0
63,G63F,29.0,31.0,62.0,23.0
63,G63_,15.0,24.0,9.0,6.0
63,G63P,14.0,14.0,12.0,20.0
63,G63L,45.0,52.0,388.0,89.0
63,G63Q,8.0,14.0,29.0,21.0
63,G63E,7.0,12.0,17.0,93.0
63,G63C,23.0,27.0,41.0,29.0
63,G63T,17.0,28.0,14.0,18.0
63,G63I,29.0,27.0,11.0,33.0
63,G63S,45.0,55.0,42.0,30.0
63,G63Y,18.0,13.0,25.0,24.0
63,G63A,26.0,34.0,105.0,57.0
63,G63H,14.0,19.0,13.0,10.0
63,G63M,16.0,8.0,20.0,21.0
63,G63K,10.0,12.0,24.0,16.0
63,G63N,15.0,15.0,28.0,16.0
64,K64L,32.0,51.0,40.0,39.0
64,K64E,9.0,3.0,1.0,3.0
64,K64T,33.0,37.0,21.0,20.0
64,K64V,29.0,56.0,40.0,22.0
64,K64N,18.0,28.0,51.0,13.0
64,K64M,8.0,12.0,3.0,4.0
64,K64W,27.0,29.0,17.0,8.0
64,K64F,35.0,50.0,26.0,17.0
64,K64H,12.0,10.0,9.0,1.0
64,K64G,50.0,47.0,30.0,52.0
64,K64A,24.0,33.0,22.0,23.0
64,K64_,7.0,7.0,5.0,6.0
64,K64S,42.0,57.0,30.0,38.0
64,K64C,28.0,22.0,21.0,13.0
64,K64I,25.0,25.0,23.0,5.0
64,K64R,48.0,50.0,65.0,78.0
64,K64Y,13.0,8.0,6.0,12.0
64,K64D,6.0,10.0,5.0,3.0
64,K64P,35.0,28.0,14.0,24.0
64,K64Q,4.0,5.0,5.0,15.0
65,W65I,17.0,18.0,5.0,13.0
65,W65G,46.0,63.0,90.0,61.0
65,W65T,28.0,40.0,22.0,14.0
65,W65D,15.0,26.0,22.0,10.0
65,W65E,15.0,14.0,15.0,19.0
65,W65M,19.0,29.0,10.0,9.0
65,W65R,38.0,47.0,53.0,47.0
65,W65S,67.0,69.0,61.0,52.0
65,W65_,20.0,31.0,16.0,29.0
65,W65Q,20.0,18.0,15.0,5.0
65,W65A,38.0,39.0,14.0,41.0
65,W65H,17.0,19.0,7.0,21.0
65,W65V,47.0,71.0,37.0,25.0
65,W65P,34.0,44.0,45.0,44.0
65,W65K,13.0,17.0,34.0,33.0
65,W65C,26.0,32.0,10.0,23.0
65,W65F,22.0,30.0,11.0,10.0
65,W65Y,16.0,24.0,19.0,20.0
65,W65N,16.0,25.0,28.0,14.0
65,W65L,64.0,92.0,48.0,61.0
66,R66G,72.0,64.0,88.0,35.0
66,R66_,38.0,43.0,40.0,30.0
66,R66I,13.0,30.0,34.0,37.0
66,R66E,21.0,26.0,27.0,17.0
66,R66D,25.0,20.0,61.0,32.0
66,R66T,46.0,55.0,144.0,65.0
66,R66M,23.0,34.0,35.0,89.0
66,R66H,25.0,18.0,27.0,23.0
66,R66Y,25.0,36.0,33.0,46.0
66,R66V,65.0,69.0,78.0,77.0
66,R66A,39.0,54.0,71.0,41.0
66,R66P,40.0,42.0,42.0,47.0
66,R66S,79.0,100.0,119.0,97.0
66,R66N,28.0,18.0,28.0,47.0
66,R66F,35.0,30.0,44.0,64.0
66,R66L,85.0,103.0,156.0,109.0
66,R66W,48.0,50.0,58.0,57.0
66,R66Q,27.0,32.0,53.0,19.0
66,R66C,38.0,33.0,32.0,56.0
66,R66K,17.0,33.0,33.0,10.0
67,E67T,36.0,40.0,39.0,48.0
67,E67M,28.0,23.0,12.0,20.0
67,E67F,14.0,20.0,20.0,9.0
67,E67V,51.0,50.0,126.0,49.0
67,E67W,22.0,36.0,30.0,32.0
67,E67Y,19.0,24.0,23.0,13.0
67,E67N,14.0,20.0,10.0,15.0
67,E67H,24.0,16.0,20.0,27.0
67,E67_,28.0,27.0,21.0,16.0
67,E67I,16.0,21.0,22.0,27.0
67,E67S,68.0,82.0,162.0,84.0
67,E67P,39.0,33.0,36.0,29.0
67,E67Q,24.0,26.0,13.0,34.0
67,E67A,56.0,54.0,46.0,45.0
67,E67G,61.0,76.0,57.0,109.0
67,E67C,22.0,39.0,36.0,21.0
67,E67R,83.0,90.0,77.0,122.0
67,E67D,25.0,19.0,16.0,21.0
67,E67K,28.0,34.0,18.0,20.0
67,E67L,56.0,54.0,32.0,34.0
68,Q68V,36.0,57.0,49.0,64.0
68,Q68W,11.0,11.0,8.0,10.0
68,Q68N,18.0,19.0,8.0,12.0
68,Q68H,21.0,19.0,10.0,20.0
68,Q68_,6.0,9.0,3.0,7.0
68,Q68C,15.0,19.0,7.0,6.0
68,Q68D,13.0,24.0,12.0,7.0
68,Q68Y,14.0,16.0,27.0,19.0
68,Q68F,16.0,42.0,24.0,19.0
68,Q68R,24.0,23.0,53.0,50.0
68,Q68G,6.0,14.0,11.0,8.0
68,Q68K,6.0,4.0,13.0,20.0
68,Q68I,25.0,41.0,63.0,29.0
68,Q68S,45.0,48.0,51.0,40.0
68,Q68M,14.0,27.0,18.0,32.0
68,Q68T,34.0,42.0,25.0,25.0
68,Q68A,36.0,44.0,115.0,30.0
68,Q68E,11.0,5.0,3.0,0.0
68,Q68L,55.0,70.0,64.0,90.0
68,Q68P,29.0,39.0,32.0,31.0
69,L69C,34.0,54.0,108.0,46.0
69,L69S,64.0,98.0,134.0,158.0
69,L69Y,23.0,25.0,24.0,35.0
69,L69P,35.0,42.0,54.0,76.0
69,L69R,91.0,113.0,107.0,67.0
69,L69G,76.0,92.0,90.0,81.0
69,L69M,32.0,22.0,39.0,65.0
69,L69F,49.0,24.0,21.0,17.0
69,L69I,27.0,23.0,31.0,23.0
69,L69W,31.0,37.0,39.0,35.0
69,L69T,54.0,63.0,53.0,40.0
69,L69H,22.0,14.0,40.0,19.0
69,L69A,57.0,63.0,146.0,48.0
69,L69D,26.0,34.0,44.0,36.0
69,L69_,23.0,30.0,48.0,17.0
69,L69V,59.0,71.0,77.0,70.0
69,L69N,26.0,26.0,19.0,20.0
69,L69E,28.0,36.0,58.0,51.0
69,L69Q,26.0,13.0,36.0,18.0
69,L69K,28.0,43.0,48.0,47.0
7,S7R,38.0,50.0,134.0,115.0
7,S7E,22.0,18.0,9.0,19.0
7,S7T,21.0,26.0,17.0,16.0
7,S7I,20.0,19.0,21.0,42.0
7,S7F,18.0,27.0,13.0,36.0
7,S7L,43.0,54.0,72.0,47.0
7,S7V,37.0,43.0,53.0,58.0
7,S7Y,19.0,24.0,24.0,11.0
7,S7C,7.0,25.0,35.0,16.0
7,S7A,26.0,23.0,69.0,57.0
7,S7W,21.0,19.0,29.0,49.0
7,S7G,43.0,53.0,23.0,26.0
7,S7_,13.0,20.0,9.0,29.0
7,S7M,17.0,24.0,18.0,55.0
7,S7Q,10.0,17.0,24.0,42.0
7,S7P,17.0,20.0,40.0,22.0
7,S7D,16.0,20.0,3.0,9.0
7,S7K,15.0,18.0,68.0,54.0
7,S7H,14.0,14.0,6.0,55.0
7,S7N,15.0,16.0,9.0,10.0
70,G70T,31.0,27.0,72.0,50.0
70,G70I,24.0,29.0,33.0,19.0
70,G70Q,31.0,24.0,35.0,88.0
70,G70F,30.0,39.0,43.0,41.0
70,G70D,22.0,14.0,31.0,27.0
70,G70L,65.0,83.0,319.0,214.0
70,G70H,20.0,27.0,17.0,23.0
70,G70R,74.0,89.0,189.0,181.0
70,G70P,35.0,39.0,24.0,57.0
70,G70S,69.0,68.0,113.0,78.0
70,G70_,24.0,22.0,11.0,8.0
70,G70C,31.0,38.0,66.0,84.0
70,G70A,30.0,41.0,62.0,130.0
70,G70E,18.0,17.0,20.0,11.0
70,G70N,18.0,18.0,18.0,34.0
70,G70M,20.0,32.0,58.0,26.0
70,G70K,17.0,24.0,55.0,16.0
70,G70W,17.0,23.0,48.0,89.0
70,G70Y,27.0,28.0,17.0,33.0
70,G70V,50.0,66.0,116.0,101.0
71,Q71N,15.0,21.0,9.0,39.0
71,Q71T,36.0,29.0,38.0,26.0
71,Q71H,14.0,16.0,10.0,8.0
71,Q71I,12.0,23.0,18.0,6.0
71,Q71W,27.0,23.0,16.0,14.0
71,Q71K,3548.0,3924.0,3438.0,2633.0
71,Q71L,61.0,63.0,88.0,64.0
71,Q71R,61.0,55.0,139.0,56.0
71,Q71V,45.0,67.0,42.0,18.0
71,Q71E,13.0,29.0,8.0,4.0
71,Q71G,38.0,49.0,24.0,32.0
71,Q71S,45.0,61.0,36.0,45.0
71,Q71F,16.0,28.0,31.0,13.0
71,Q71P,33.0,36.0,36.0,11.0
71,Q71D,24.0,33.0,11.0,23.0
71,Q71C,32.0,23.0,9.0,18.0
71,Q71Y,16.0,15.0,18.0,9.0
71,Q71A,36.0,47.0,20.0,21.0
71,Q71_,11.0,19.0,6.0,13.0
71,Q71M,12.0,21.0,26.0,15.0
72,K72G,48.0,38.0,37.0,38.0
72,K72R,55.0,58.0,41.0,71.0
72,K72_,26.0,24.0,5.0,10.0
72,K72Y,15.0,19.0,6.0,8.0
72,K72L,59.0,56.0,69.0,32.0
72,K72H,20.0,17.0,8.0,9.0
72,K72S,72.0,65.0,48.0,110.0
72,K72Q,26.0,14.0,15.0,13.0
72,K72E,20.0,16.0,68.0,14.0
72,K72V,19.0,19.0,8.0,1.0
72,K72T,31.0,31.0,12.0,10.0
72,K72D,23.0,8.0,9.0,3.0
72,K72A,36.0,33.0,10.0,25.0
72,K72N,21.0,28.0,12.0,7.0
72,K72P,21.0,26.0,38.0,110.0
72,K72F,21.0,20.0,5.0,12.0
72,K72I,14.0,16.0,13.0,14.0
72,K72C,23.0,25.0,10.0,9.0
72,K72M,20.0,20.0,17.0,9.0
72,K72W,17.0,30.0,23.0,7.0
73,F73W,31.0,33.0,25.0,11.0
73,F73D,18.0,21.0,13.0,19.0
73,F73E,28.0,31.0,7.0,36.0
73,F73N,19.0,21.0,19.0,12.0
73,F73V,50.0,56.0,49.0,46.0
73,F73I,24.0,19.0,19.0,20.0
73,F73H,15.0,19.0,17.0,9.0
73,F73K,30.0,28.0,12.0,19.0
73,F73T,35.0,41.0,11.0,28.0
73,F73C,23.0,47.0,17.0,11.0
73,F73_,17.0,26.0,20.0,17.0
73,F73Y,23.0,22.0,25.0,26.0
73,F73Q,22.0,19.0,8.0,8.0
73,F73G,67.0,62.0,44.0,35.0
73,F73M,26.0,36.0,17.0,10.0
73,F73L,58.0,58.0,47.0,24.0
73,F73A,44.0,43.0,14.0,30.0
73,F73S,56.0,67.0,26.0,35.0
73,F73P,28.0,38.0,14.0,25.0
73,F73R,58.0,77.0,41.0,34.0
74,E74Y,35.0,30.0,22.0,43.0
74,E74Q,20.0,13.0,13.0,16.0
74,E74K,24.0,22.0,20.0,15.0
74,E74S,67.0,67.0,56.0,31.0
74,E74G,61.0,87.0,54.0,26.0
74,E74H,17.0,12.0,20.0,26.0
74,E74W,33.0,30.0,29.0,25.0
74,E74V,52.0,54.0,76.0,41.0
74,E74A,39.0,43.0,68.0,33.0
74,E74T,42.0,52.0,30.0,20.0
74,E74P,28.0,41.0,18.0,27.0
74,E74N,22.0,15.0,8.0,13.0
74,E74_,17.0,34.0,5.0,23.0
74,E74F,25.0,25.0,29.0,35.0
74,E74M,10.0,27.0,14.0,23.0
74,E74R,71.0,80.0,52.0,72.0
74,E74L,64.0,64.0,65.0,47.0
74,E74D,20.0,20.0,11.0,16.0
74,E74I,24.0,28.0,55.0,15.0
74,E74C,27.0,39.0,34.0,9.0
75,E75N,17.0,15.0,19.0,17.0
75,E75P,28.0,28.0,18.0,36.0
75,E75L,60.0,67.0,90.0,77.0
75,E75W,22.0,28.0,41.0,44.0
75,E75G,40.0,55.0,58.0,66.0
75,E75A,54.0,32.0,76.0,58.0
75,E75T,36.0,41.0,62.0,42.0
75,E75V,48.0,55.0,61.0,40.0
75,E75Q,15.0,20.0,21.0,18.0
75,E75S,55.0,76.0,96.0,84.0
75,E75C,25.0,26.0,47.0,59.0
75,E75H,18.0,21.0,27.0,49.0
75,E75_,16.0,21.0,7.0,5.0
75,E75Y,18.0,20.0,19.0,33.0
75,E75D,16.0,22.0,8.0,15.0
75,E75I,23.0,24.0,32.0,24.0
75,E75M,18.0,23.0,50.0,12.0
75,E75K,16.0,21.0,75.0,39.0
75,E75R,75.0,76.0,163.0,173.0
75,E75F,21.0,26.0,25.0,39.0
76,I76A,22.0,34.0,37.0,44.0
76,I76C,28.0,37.0,40.0,22.0
76,I76Y,22.0,18.0,27.0,101.0
76,I76T,27.0,30.0,8.0,14.0
76,I76M,26.0,24.0,25.0,12.0
76,I76N,14.0,19.0,49.0,12.0
76,I76S,54.0,67.0,54.0,68.0
76,I76Q,18.0,22.0,21.0,11.0
76,I76W,26.0,21.0,31.0,15.0
76,I76G,48.0,40.0,55.0,63.0
76,I76E,8.0,22.0,19.0,20.0
76,I76L,57.0,57.0,58.0,40.0
76,I76R,52.0,55.0,113.0,52.0
76,I76K,22.0,12.0,37.0,22.0
76,I76_,22.0,24.0,23.0,21.0
76,I76V,49.0,40.0,50.0,42.0
76,I76D,21.0,26.0,42.0,25.0
76,I76H,14.0,22.0,20.0,26.0
76,I76P,21.0,23.0,52.0,24.0
76,I76F,26.0,30.0,133.0,37.0
77,R77Q,15.0,27.0,17.0,13.0
77,R77K,17.0,16.0,12.0,13.0
77,R77H,21.0,26.0,22.0,13.0
77,R77M,21.0,23.0,37.0,34.0
77,R77P,42.0,32.0,38.0,41.0
77,R77F,29.0,23.0,19.0,37.0
77,R77L,57.0,79.0,117.0,75.0
77,R77I,23.0,21.0,12.0,48.0
77,R77A,28.0,36.0,28.0,43.0
77,R77V,52.0,49.0,74.0,41.0
77,R77_,23.0,24.0,11.0,22.0
77,R77E,13.0,22.0,14.0,13.0
77,R77S,65.0,65.0,89.0,74.0
77,R77Y,24.0,28.0,16.0,10.0
77,R77C,32.0,21.0,37.0,28.0
77,R77N,21.0,16.0,24.0,16.0
77,R77W,12.0,31.0,22.0,23.0
77,R77D,19.0,14.0,11.0,21.0
77,R77T,52.0,40.0,38.0,33.0
77,R77G,41.0,54.0,73.0,42.0
78,W78K,18.0,20.0,2.0,9.0
78,W78T,32.0,42.0,8.0,17.0
78,W78I,24.0,24.0,21.0,7.0
78,W78S,62.0,66.0,21.0,14.0
78,W78Y,20.0,21.0,40.0,19.0
78,W78E,23.0,19.0,12.0,7.0
78,W78_,22.0,24.0,5.0,12.0
78,W78N,19.0,25.0,12.0,7.0
78,W78R,55.0,68.0,60.0,45.0
78,W78G,46.0,62.0,16.0,42.0
78,W78D,16.0,20.0,4.0,5.0
78,W78L,72.0,82.0,39.0,36.0
78,W78A,31.0,39.0,11.0,8.0
78,W78P,39.0,27.0,28.0,25.0
78,W78Q,24.0,23.0,8.0,5.0
78,W78M,26.0,26.0,28.0,5.0
78,W78C,27.0,17.0,15.0,15.0
78,W78H,18.0,19.0,45.0,58.0
78,W78V,37.0,64.0,28.0,19.0
78,W78F,28.0,32.0,25.0,27.0
79,L79P,23.0,23.0,38.0,34.0
79,L79E,24.0,31.0,27.0,28.0
79,L79_,19.0,22.0,8.0,2.0
79,L79D,13.0,20.0,17.0,22.0
79,L79M,20.0,30.0,77.0,39.0
79,L79C,23.0,20.0,63.0,44.0
79,L79F,32.0,23.0,40.0,39.0
79,L79R,65.0,79.0,277.0,193.0
79,L79T,31.0,35.0,39.0,35.0
79,L79V,57.0,51.0,99.0,91.0
79,L79N,25.0,11.0,32.0,37.0
79,L79H,17.0,17.0,48.0,67.0
79,L79I,16.0,31.0,19.0,32.0
79,L79Q,11.0,17.0,31.0,16.0
79,L79S,54.0,71.0,78.0,65.0
79,L79W,22.0,36.0,55.0,43.0
79,L79A,28.0,37.0,85.0,78.0
79,L79Y,23.0,26.0,84.0,26.0
79,L79K,29.0,19.0,77.0,77.0
79,L79G,60.0,63.0,94.0,64.0
8,S8W,23.0,19.0,41.0,75.0
8,S8F,14.0,23.0,27.0,28.0
8,S8T,26.0,23.0,35.0,20.0
8,S8L,42.0,45.0,478.0,118.0
8,S8K,15.0,9.0,37.0,32.0
8,S8Y,19.0,19.0,13.0,46.0
8,S8C,19.0,17.0,27.0,22.0
8,S8E,15.0,24.0,5.0,23.0
8,S8Q,22.0,15.0,31.0,5.0
8,S8V,43.0,43.0,84.0,124.0
8,S8_,10.0,15.0,7.0,8.0
8,S8R,34.0,43.0,125.0,60.0
8,S8P,16.0,22.0,3.0,5.0
8,S8I,11.0,14.0,34.0,23.0
8,S8G,40.0,47.0,40.0,34.0
8,S8M,16.0,13.0,41.0,42.0
8,S8N,17.0,15.0,9.0,14.0
8,S8H,13.0,14.0,47.0,2.0
8,S8D,7.0,11.0,6.0,2.0
8,S8A,27.0,23.0,16.0,24.0
80,I80L,69.0,88.0,67.0,49.0
80,I80V,60.0,58.0,45.0,68.0
80,I80P,28.0,37.0,52.0,38.0
80,I80C,24.0,33.0,38.0,16.0
80,I80H,16.0,20.0,16.0,25.0
80,I80N,23.0,18.0,22.0,11.0
80,I80D,20.0,18.0,21.0,39.0
80,I80Y,32.0,22.0,21.0,10.0
80,I80G,52.0,51.0,48.0,27.0
80,I80R,90.0,92.0,27.0,39.0
80,I80T,34.0,32.0,21.0,23.0
80,I80K,24.0,21.0,2.0,3.0
80,I80F,36.0,25.0,26.0,36.0
80,I80Q,21.0,25.0,15.0,21.0
80,I80S,47.0,75.0,29.0,38.0
80,I80M,17.0,26.0,36.0,23.0
80,I80A,30.0,41.0,58.0,35.0
80,I80_,27.0,39.0,59.0,29.0
80,I80E,19.0,23.0,17.0,9.0
80,I80W,32.0,40.0,51.0,37.0
81,E81Q,13.0,28.0,19.0,12.0
81,E81T,37.0,36.0,35.0,31.0
81,E81L,61.0,50.0,88.0,68.0
81,E81G,54.0,48.0,38.0,19.0
81,E81A,37.0,41.0,15.0,27.0
81,E81Y,18.0,34.0,35.0,33.0
81,E81P,33.0,34.0,14.0,7.0
81,E81H,17.0,15.0,27.0,14.0
81,E81M,35.0,20.0,62.0,36.0
81,E81K,30.0,23.0,13.0,12.0
81,E81R,59.0,67.0,297.0,26.0
81,E81F,32.0,37.0,44.0,41.0
81,E81V,39.0,42.0,73.0,38.0
81,E81D,18.0,22.0,19.0,9.0
81,E81_,14.0,22.0,18.0,22.0
81,E81N,25.0,22.0,21.0,14.0
81,E81W,22.0,38.0,85.0,64.0
81,E81I,17.0,23.0,34.0,46.0
81,E81S,63.0,66.0,57.0,74.0
81,E81C,18.0,32.0,290.0,29.0
82,E82K,24.0,18.0,28.0,16.0
82,E82_,25.0,25.0,30.0,3.0
82,E82A,35.0,40.0,41.0,26.0
82,E82W,25.0,26.0,44.0,22.0
82,E82N,18.0,27.0,42.0,15.0
82,E82L,56.0,77.0,191.0,177.0
82,E82I,23.0,31.0,203.0,37.0
82,E82F,36.0,31.0,34.0,39.0
82,E82H,14.0,15.0,27.0,24.0
82,E82Y,16.0,27.0,8.0,15.0
82,E82G,47.0,38.0,59.0,73.0
82,E82Q,13.0,17.0,14.0,12.0
82,E82C,17.0,32.0,55.0,62.0
82,E82S,50.0,64.0,170.0,179.0
82,E82M,18.0,19.0,35.0,18.0
82,E82R,51.0,77.0,355.0,219.0
82,E82P,23.0,19.0,16.0,26.0
82,E82D,27.0,20.0,36.0,26.0
82,E82V,65.0,62.0,151.0,76.0
82,E82T,27.0,45.0,82.0,47.0
83,V83D,18.0,10.0,46.0,21.0
83,V83I,13.0,5.0,10.0,18.0
83,V83_,14.0,11.0,15.0,11.0
83,V83Y,11.0,12.0,8.0,8.0
83,V83P,22.0,21.0,19.0,5.0
83,V83R,36.0,52.0,84.0,37.0
83,V83S,30.0,40.0,46.0,31.0
83,V83G,28.0,47.0,70.0,87.0
83,V83T,22.0,24.0,28.0,25.0
83,V83N,12.0,11.0,4.0,20.0
83,V83H,6.0,10.0,7.0,16.0
83,V83Q,17.0,16.0,21.0,8.0
83,V83W,15.0,21.0,18.0,21.0
83,V83A,24.0,27.0,35.0,26.0
83,V83K,11.0,12.0,26.0,18.0
83,V83M,19.0,9.0,12.0,2.0
83,V83F,5.0,11.0,8.0,2.0
83,V83C,12.0,18.0,18.0,26.0
83,V83L,35.0,44.0,44.0,25.0
83,V83E,10.0,20.0,33.0,40.0
84,R84L,38.0,62.0,81.0,28.0
84,R84V,42.0,40.0,52.0,55.0
84,R84W,17.0,28.0,10.0,14.0
84,R84F,17.0,37.0,32.0,15.0
84,R84P,22.0,23.0,17.0,6.0
84,R84I,9.0,11.0,13.0,12.0
84,R84Y,11.0,20.0,22.0,28.0
84,R84K,16.0,9.0,15.0,17.0
84,R84N,8.0,16.0,18.0,5.0
84,R84E,10.0,14.0,20.0,14.0
84,R84C,15.0,26.0,26.0,16.0
84,R84T,18.0,20.0,18.0,11.0
84,R84M,17.0,17.0,31.0,18.0
84,R84_,31.0,15.0,13.0,14.0
84,R84G,41.0,47.0,67.0,37.0
84,R84Q,14.0,12.0,15.0,11.0
84,R84D,9.0,16.0,5.0,19.0
84,R84H,8.0,18.0,28.0,8.0
84,R84S,47.0,45.0,37.0,43.0
84,R84A,32.0,37.0,62.0,15.0
85,H85Y,27.0,16.0,8.0,10.0
85,H85S,51.0,59.0,32.0,31.0
85,H85T,16.0,28.0,13.0,26.0
85,H85E,16.0,17.0,14.0,7.0
85,H85V,45.0,58.0,76.0,99.0
85,H85C,18.0,27.0,20.0,12.0
85,H85Q,20.0,22.0,11.0,9.0
85,H85D,17.0,27.0,17.0,13.0
85,H85W,21.0,24.0,19.0,28.0
85,H85L,61.0,50.0,131.0,34.0
85,H85P,28.0,22.0,25.0,20.0
85,H85I,9.0,15.0,13.0,26.0
85,H85K,11.0,12.0,11.0,24.0
85,H85_,18.0,10.0,25.0,15.0
85,H85F,13.0,23.0,17.0,16.0
85,H85A,45.0,27.0,26.0,23.0
85,H85R,45.0,48.0,101.0,67.0
85,H85M,20.0,14.0,72.0,27.0
85,H85N,12.0,27.0,30.0,5.0
85,H85G,48.0,47.0,75.0,43.0
86,R86W,23.0,32.0,14.0,17.0
86,R86T,47.0,41.0,28.0,41.0
86,R86V,46.0,64.0,124.0,85.0
86,R86A,28.0,33.0,24.0,7.0
86,R86_,23.0,36.0,10.0,8.0
86,R86S,65.0,57.0,32.0,26.0
86,R86K,20.0,20.0,13.0,17.0
86,R86F,23.0,30.0,50.0,27.0
86,R86Q,15.0,21.0,6.0,9.0
86,R86L,65.0,87.0,82.0,62.0
86,R86N,24.0,12.0,15.0,12.0
86,R86G,67.0,74.0,70.0,52.0
86,R86D,20.0,19.0,43.0,14.0
86,R86E,18.0,21.0,19.0,18.0
86,R86H,22.0,25.0,11.0,6.0
86,R86P,42.0,50.0,45.0,15.0
86,R86Y,30.0,31.0,10.0,12.0
86,R86M,24.0,21.0,32.0,25.0
86,R86C,41.0,40.0,29.0,9.0
86,R86I,22.0,26.0,34.0,54.0
87,L87G,61.0,70.0,46.0,30.0
87,L87F,27.0,20.0,12.0,5.0
87,L87W,30.0,30.0,5.0,9.0
87,L87Q,11.0,13.0,11.0,15.0
87,L87T,40.0,23.0,44.0,26.0
87,L87D,17.0,18.0,21.0,9.0
87,L87A,37.0,47.0,59.0,40.0
87,L87R,61.0,59.0,71.0,40.0
87,L87N,10.0,11.0,11.0,12.0
87,L87H,11.0,16.0,15.0,3.0
87,L87P,20.0,39.0,22.0,17.0
87,L87V,45.0,56.0,155.0,97.0
87,L87M,21.0,37.0,18.0,16.0
87,L87I,23.0,14.0,41.0,41.0
87,L87K,17.0,24.0,34.0,27.0
87,L87E,15.0,18.0,58.0,32.0
87,L87S,62.0,58.0,45.0,63.0
87,L87Y,17.0,19.0,0.0,3.0
87,L87C,25.0,23.0,43.0,59.0
87,L87_,21.0,22.0,34.0,38.0
88,K88V,36.0,50.0,64.0,75.0
88,K88Q,11.0,19.0,97.0,8.0
88,K88_,12.0,28.0,51.0,20.0
88,K88F,17.0,30.0,81.0,52.0
88,K88C,14.0,19.0,28.0,46.0
88,K88M,21.0,20.0,55.0,18.0
88,K88G,65.0,72.0,57.0,35.0
88,K88E,18.0,26.0,8.0,18.0
88,K88L,47.0,59.0,230.0,262.0
88,K88N,11.0,16.0,6.0,17.0
88,K88P,22.0,19.0,13.0,18.0
88,K88R,48.0,60.0,61.0,95.0
88,K88Y,16.0,16.0,22.0,26.0
88,K88A,36.0,41.0,25.0,13.0
88,K88D,14.0,19.0,12.0,10.0
88,K88H,15.0,15.0,4.0,8.0
88,K88S,28.0,64.0,19.0,19.0
88,K88T,27.0,24.0,105.0,23.0
88,K88I,21.0,19.0,66.0,27.0
88,K88W,35.0,32.0,32.0,116.0
89,I89A,34.0,30.0,35.0,21.0
89,I89N,15.0,17.0,8.0,8.0
89,I89S,62.0,65.0,50.0,18.0
89,I89R,63.0,90.0,96.0,44.0
89,I89T,24.0,33.0,13.0,17.0
89,I89D,24.0,23.0,4.0,2.0
89,I89H,21.0,18.0,9.0,11.0
89,I89G,50.0,57.0,37.0,38.0
89,I89M,21.0,26.0,24.0,17.0
89,I89Y,24.0,19.0,10.0,30.0
89,I89V,33.0,52.0,31.0,24.0
89,I89P,29.0,31.0,30.0,15.0
89,I89K,15.0,21.0,11.0,12.0
89,I89Q,23.0,17.0,26.0,4.0
89,I89L,43.0,58.0,70.0,57.0
89,I89_,17.0,31.0,62.0,19.0
89,I89W,30.0,34.0,42.0,75.0
89,I89E,22.0,15.0,19.0,3.0
89,I89C,25.0,30.0,12.0,19.0
89,I89F,34.0,26.0,24.0,10.0
9,F9W,21.0,22.0,17.0,12.0
9,F9D,20.0,27.0,17.0,85.0
9,F9G,59.0,43.0,62.0,30.0
9,F9A,32.0,35.0,35.0,43.0
9,F9E,22.0,24.0,14.0,48.0
9,F9K,14.0,17.0,8.0,25.0
9,F9I,13.0,30.0,77.0,90.0
9,F9L,48.0,58.0,187.0,111.0
9,F9P,26.0,34.0,25.0,17.0
9,F9V,56.0,43.0,165.0,133.0
9,F9N,19.0,21.0,9.0,2.0
9,F9M,23.0,22.0,48.0,48.0
9,F9H,2.0,0.0,1.0,4.0
9,F9Q,11.0,18.0,24.0,24.0
9,F9S,38.0,58.0,75.0,88.0
9,F9C,27.0,18.0,35.0,29.0
9,F9T,39.0,29.0,81.0,44.0
9,F9Y,10.0,21.0,42.0,52.0
9,F9_,24.0,26.0,21.0,17.0
9,F9R,61.0,52.0,96.0,99.0
90,T90H,10.0,13.0,3.0,29.0
90,T90G,38.0,55.0,27.0,29.0
90,T90W,19.0,28.0,16.0,9.0
90,T90P,18.0,25.0,23.0,40.0
90,T90S,44.0,54.0,17.0,27.0
90,T90Y,26.0,20.0,20.0,22.0
90,T90L,48.0,62.0,63.0,80.0
90,T90I,23.0,24.0,17.0,20.0
90,T90A,29.0,34.0,15.0,19.0
90,T90R,52.0,50.0,89.0,51.0
90,T90V,31.0,50.0,132.0,70.0
90,T90K,16.0,20.0,11.0,7.0
90,T90F,28.0,23.0,20.0,35.0
90,T90D,21.0,20.0,7.0,23.0
90,T90E,12.0,18.0,12.0,16.0
90,T90M,15.0,17.0,9.0,13.0
90,T90C,23.0,20.0,16.0,36.0
90,T90N,10.0,25.0,22.0,4.0
90,T90Q,20.0,13.0,7.0,9.0
90,T90_,22.0,31.0,56.0,35.0
91,E91K,17.0,9.0,13.0,6.0
91,E91F,18.0,15.0,21.0,7.0
91,E91Y,11.0,11.0,7.0,5.0
91,E91I,17.0,16.0,16.0,3.0
91,E91L,37.0,41.0,16.0,27.0
91,E91T,18.0,26.0,3.0,11.0
91,E91S,50.0,50.0,36.0,13.0
91,E91C,20.0,25.0,7.0,12.0
91,E91R,41.0,49.0,28.0,19.0
91,E91Q,6.0,13.0,7.0,8.0
91,E91_,13.0,22.0,12.0,12.0
91,E91A,30.0,25.0,17.0,19.0
91,E91P,22.0,28.0,21.0,5.0
91,E91V,45.0,46.0,29.0,22.0
91,E91H,13.0,11.0,11.0,1.0
91,E91G,56.0,39.0,11.0,21.0
91,E91W,22.0,19.0,15.0,19.0
91,E91M,20.0,10.0,24.0,8.0
91,E91N,10.0,14.0,1.0,1.0
91,E91D,18.0,14.0,9.0,6.0
92,N92Q,13.0,11.0,6.0,11.0
92,N92T,22.0,25.0,14.0,15.0
92,N92M,15.0,16.0,14.0,10.0
92,N92I,9.0,11.0,21.0,3.0
92,N92G,42.0,32.0,23.0,25.0
92,N92Y,16.0,19.0,11.0,9.0
92,N92A,24.0,27.0,18.0,39.0
92,N92W,16.0,23.0,33.0,25.0
92,N92P,15.0,15.0,15.0,22.0
92,N92F,16.0,14.0,22.0,5.0
92,N92K,9.0,11.0,14.0,11.0
92,N92S,43.0,47.0,39.0,63.0
92,N92L,57.0,55.0,56.0,64.0
92,N92C,23.0,22.0,18.0,12.0
92,N92R,42.0,36.0,35.0,42.0
92,N92E,11.0,14.0,24.0,9.0
92,N92D,15.0,18.0,24.0,7.0
92,N92_,10.0,21.0,23.0,27.0
92,N92V,49.0,46.0,31.0,19.0
92,N92H,9.0,8.0,16.0,8.0
93,S93E,21.0,15.0,13.0,13.0
93,S93_,14.0,16.0,13.0,46.0
93,S93H,9.0,16.0,0.0,1.0
93,S93V,40.0,46.0,4.0,3.0
93,S93T,25.0,25.0,3.0,4.0
93,S93R,50.0,63.0,20.0,9.0
93,S93Y,17.0,12.0,3.0,1.0
93,S93C,17.0,19.0,0.0,0.0
93,S93K,15.0,15.0,8.0,4.0
93,S93I,21.0,22.0,1.0,2.0
93,S93P,14.0,32.0,8.0,33.0
93,S93W,20.0,27.0,11.0,6.0
93,S93M,12.0,17.0,0.0,2.0
93,S93L,57.0,59.0,9.0,9.0
93,S93A,35.0,54.0,3.0,5.0
93,S93F,17.0,21.0,4.0,2.0
93,S93Q,12.0,14.0,19.0,3.0
93,S93D,16.0,23.0,6.0,5.0
93,S93G,39.0,55.0,26.0,28.0
93,S93N,13.0,27.0,2.0,4.0
94,F94T,38.0,42.0,122.0,48.0
94,F94K,31.0,23.0,14.0,12.0
94,F94P,27.0,46.0,58.0,18.0
94,F94N,18.0,18.0,7.0,5.0
94,F94M,28.0,35.0,48.0,83.0
94,F94_,27.0,26.0,41.0,34.0
94,F94E,20.0,28.0,25.0,20.0
94,F94I,22.0,31.0,15.0,18.0
94,F94Q,21.0,24.0,36.0,5.0
94,F94H,18.0,15.0,5.0,4.0
94,F94R,76.0,78.0,34.0,32.0
94,F94Y,21.0,26.0,20.0,17.0
94,F94A,42.0,43.0,160.0,101.0
94,F94D,22.0,25.0,12.0,17.0
94,F94S,82.0,78.0,120.0,124.0
94,F94G,73.0,81.0,165.0,150.0
94,F94V,69.0,64.0,96.0,107.0
94,F94W,19.0,40.0,52.0,25.0
94,F94L,63.0,76.0,60.0,92.0
94,F94C,27.0,33.0,110.0,79.0
95,E95F,18.0,19.0,25.0,7.0
95,E95S,46.0,43.0,54.0,25.0
95,E95W,22.0,23.0,24.0,30.0
95,E95I,11.0,13.0,11.0,13.0
95,E95N,8.0,12.0,15.0,7.0
95,E95_,15.0,23.0,8.0,9.0
95,E95L,45.0,68.0,40.0,53.0
95,E95C,12.0,21.0,10.0,8.0
95,E95H,14.0,7.0,6.0,16.0
95,E95V,45.0,62.0,137.0,103.0
95,E95P,24.0,26.0,24.0,19.0
95,E95D,19.0,18.0,27.0,14.0
95,E95Y,9.0,13.0,6.0,7.0
95,E95R,54.0,66.0,38.0,40.0
95,E95M,15.0,23.0,18.0,16.0
95,E95G,52.0,40.0,39.0,25.0
95,E95A,29.0,26.0,18.0,32.0
95,E95T,16.0,24.0,34.0,55.0
95,E95Q,21.0,18.0,22.0,6.0
95,E95K,21.0,10.0,8.0,8.0
96,Q96P,24.0,27.0,15.0,21.0
96,Q96H,14.0,13.0,8.0,3.0
96,Q96Y,10.0,19.0,7.0,2.0
96,Q96R,56.0,68.0,63.0,41.0
96,Q96W,35.0,31.0,3.0,10.0
96,Q96F,33.0,35.0,3.0,4.0
96,Q96G,66.0,70.0,44.0,21.0
96,Q96A,37.0,41.0,9.0,5.0
96,Q96C,27.0,31.0,1.0,3.0
96,Q96E,15.0,22.0,5.0,4.0
96,Q96D,18.0,30.0,4.0,15.0
96,Q96M,23.0,26.0,6.0,6.0
96,Q96T,25.0,33.0,8.0,6.0
96,Q96N,15.0,17.0,10.0,15.0
96,Q96K,11.0,18.0,13.0,46.0
96,Q96_,15.0,24.0,16.0,13.0
96,Q96I,12.0,21.0,7.0,4.0
96,Q96V,47.0,50.0,17.0,13.0
96,Q96L,72.0,67.0,13.0,19.0
96,Q96S,53.0,64.0,47.0,47.0
97,I97F,18.0,22.0,9.0,5.0
97,I97A,25.0,28.0,4.0,0.0
97,I97W,21.0,34.0,2.0,2.0
97,I97P,18.0,13.0,5.0,5.0
97,I97R,46.0,59.0,9.0,5.0
97,I97K,12.0,12.0,3.0,2.0
97,I97_,13.0,26.0,18.0,10.0
97,I97Q,10.0,14.0,11.0,1.0
97,I97Y,24.0,17.0,4.0,0.0
97,I97T,20.0,21.0,10.0,7.0
97,I97H,9.0,16.0,5.0,2.0
97,I97C,15.0,23.0,7.0,4.0
97,I97D,15.0,15.0,4.0,2.0
97,I97S,38.0,46.0,14.0,5.0
97,I97V,38.0,40.0,7.0,6.0
97,I97M,11.0,11.0,17.0,6.0
97,I97N,10.0,10.0,1.0,5.0
97,I97E,10.0,13.0,2.0,2.0
97,I97L,36.0,36.0,210.0,107.0
97,I97G,45.0,56.0,2.0,14.0
98,T98Y,14.0,8.0,6.0,19.0
98,T98H,10.0,11.0,3.0,8.0
98,T98W,23.0,20.0,4.0,6.0
98,T98C,18.0,25.0,12.0,5.0
98,T98_,17.0,23.0,26.0,18.0
98,T98Q,14.0,20.0,6.0,4.0
98,T98R,57.0,61.0,9.0,20.0
98,T98A,25.0,38.0,16.0,4.0
98,T98I,16.0,28.0,1.0,26.0
98,T98F,20.0,26.0,16.0,13.0
98,T98L,51.0,58.0,45.0,42.0
98,T98E,15.0,18.0,4.0,7.0
98,T98P,15.0,25.0,24.0,14.0
98,T98D,16.0,22.0,4.0,0.0
98,T98S,40.0,44.0,40.0,67.0
98,T98N,14.0,18.0,15.0,11.0
98,T98G,54.0,50.0,25.0,34.0
98,T98K,21.0,20.0,21.0,18.0
98,T98M,17.0,21.0,6.0,21.0
98,T98V,35.0,36.0,9.0,14.0
99,F99H,9.0,15.0,2.0,2.0
99,F99N,16.0,19.0,3.0,4.0
99,F99D,21.0,19.0,0.0,1.0
99,F99Y,11.0,14.0,3.0,1.0
99,F99E,17.0,18.0,0.0,2.0
99,F99R,65.0,55.0,8.0,6.0
99,F99L,44.0,40.0,88.0,865.0
99,F99Q,16.0,17.0,4.0,0.0
99,F99T,27.0,30.0,18.0,37.0
99,F99V,57.0,40.0,56.0,29.0
99,F99W,21.0,24.0,1.0,1.0
99,F99A,36.0,40.0,1.0,8.0
99,F99M,16.0,19.0,4.0,6.0
99,F99C,16.0,28.0,9.0,6.0
99,F99S,47.0,54.0,26.0,21.0
99,F99I,17.0,17.0,27.0,13.0
99,F99_,23.0,17.0,0.0,1.0
99,F99P,25.0,24.0,18.0,24.0
99,F99G,66.0,72.0,3.0,3.0
99,F99K,14.0,21.0,5.0,2.0
,WT,19446.0,23066.0,19713.0,17649.0
